The date,Region,The town/village,County/City,Initial year of exploitation ,Building Total Area,Room volume,Average floor height,Reference area,Above-ground floors,Underground floor,Mansard,Roof floor,Initial energy class ,Energy consumption before,Heat energy consumption before,Carbon dioxide emissions before,Carrying out construction works ,Reconstruction of engineering systems,Water heating system,Heat installation,Energy class after,Heat energy consumption after,Consumption for hot water after,Consumption for mechanical ventilation after,Consumption for lighting after,Consumption for cooling after,Energy consumption after,Heat saving for heating,Total energy consumption saving,Saving of heat energy ,Primary non-renewable energy,Primary total energy consumption,Almost zero energy building,Carbon dioxide emission tons after,Carbon dioxide emission after,Area of the external surface,Average heat transfer coefficient,Average heat transfer coefficient_1,Building calculated heat loss coefficient,Building allowable heat loss coefficient,Indoor temperature heating,Indoor temperature for cooling,Air exchange rate,Ventilation heat loss coefficient,Energy resource for heating 1,Energy resource for heating 2,Energy resource for hot water 1,Energy resource for hot water 2,Energy resource for ventilation,Energy resource for cooling 1,Energy resource for cooling 2,CO2 emission factor for heating 1,CO2 emission factor for heating 2,CO2 emission factor for hot water 1,CO2 emission factor for hot water 2,CO2 emission factor for ventilation,CO2 emission factor for cooling 1,CO2 emission factor for cooling 2,Non-renewable factor for heating 1,Non-renewable factor for heating 2,Non-renewable factor for water 1,Non-renewable factor for water 2,Non-renewable factor for ventilation,Non-renewable factor for cooling 1,Non-renewable factor for cooling 2,Renewable factor for heating 1,Renewable factor for heating 2,Renewable factor for water 1,Renewable factor for water 2,Renewable factor for ventilation,Renewable factor for cooling 1,Renewable factor for cooling 2,Total factor for heating 1,Total factor for heating 2,Total factor for water 1,Total factor for water 2,Total factor for ventilation,Total factor for cooling 1,Total factor for cooling 2
2023,Rīgas,town1,county1,2016,158.4,331.82,2.36,140.6,2,0,1,0,D,133.0,111.0,28.8,1,1,0,0,C,75,22,5,0,0,103,36.0,30.0,32.43,129.0,135.0,0,3.03,21.53,431.0,0.3,0.3,1.0,1.23,19.4,25,0.49,0.13,Gas,Electricity from the grid,Gas,Electricity from the grid,Electricity from the grid,-,-,202.0,109,202,109,109,-,-,1.1,1.9,1.1,1.9,1.9,-,-,0.0,0.6,0,0.6,0.6,-,-,1.1,2.5,1.1,2.5,2.5,-,-
2023,Zemgales,town2,county2,2007,244.97,615.01,2.64,232.96,2,0,0,0,D,144.41,124.1,5.46,1,1,0,0,C,88,20,1,0,20,129,36.1,15.41,29.09,43.0,135.0,0,1.37,5.86,668.0,0.29,0.3,1.1,1.12,20.0,0,0.47,0.39,Solid biofuel,Centralized heat supply from a specific supplier,Centralized heat supply from a specific supplier,-,Electricity from the grid,Electricity from the grid,-,40.0,37.8,37.8,-,109,109,-,0.2,0.15,0.15,-,1.9,1.9,-,1.0,0.55,0.55,-,0.6,0.6,-,1.2,0.7,0.7,-,2.5,2.5,-
2022,Rīgas,town3,county3,2017,212.5,316.75,2.18,145.3,2,1,1,0,D,118.7,96.3,5.75,0,1,0,0,B,62,22,6,0,0,91,34.3,27.7,35.62,35.0,137.0,0,0.69,4.78,348.0,0.3,0.29,0.78,0.95,20.0,25,0.53,0.14,Electricity from the grid,Solid biofuel,Electricity from the grid,Solid biofuel,Electricity from the grid,-,-,109.0,40,109,40,109,-,-,1.9,0.2,1.9,0.2,1.9,-,-,0.6,1,0.6,1,0.6,-,-,2.5,1.2,2.5,1.2,2.5,-,-
2022,Rīgas,town4,county4,1982,79.3,153.12,2.4,63.8,2,0,0,0,E,170.17,152.46,37.76,1,0,0,0,C,80,18,1,0,0,98,72.46,72.17,47.53,120.0,121.0,0,1.4,21.97,178.0,0.36,0.31,1.28,1.56,20.0,27,0.39,0.31,Gas,-,Gas,-,Electricity from the grid,-,-,202.0,-,202,-,109,-,-,1.1,-,1.1,-,1.9,-,-,0.0,-,0,-,0.6,-,-,1.1,-,1.1,-,2.5,-,-
2022,Rīgas,town5,county4,1982,69.3,153.12,2.4,63.8,2,0,0,0,E,170.17,152.46,38.2,1,0,0,0,C,88,18,1,0,0,106,64.46,64.17,42.28,130.0,131.0,0,1.52,23.8,187.0,0.37,0.33,1.44,1.74,20.0,27,0.39,0.31,Gas,-,Gas,-,Electricity from the grid,-,-,202.0,-,202,-,109,-,-,1.1,-,1.1,-,1.9,-,-,0.0,-,0,-,0.6,-,-,1.1,-,1.1,-,2.5,-,-
2022,Rīgas,town1,county5,2019,161.6,417.61,2.89,144.5,1,0,0,0,D,151.0,129.0,5.03,1,1,0,0,C,82,22,7,0,0,112,47.0,39.0,36.43,75.0,171.0,0,0.63,4.35,524.0,0.26,0.31,0.99,1.41,20.0,25,0.48,0.13,Electricity from the grid,"Aerothermal, geothermal, hydrothermal and marine energy, hydropower",Electricity from the grid,"Aerothermal, geothermal, hydrothermal and marine energy, hydropower",Electricity from the grid,-,-,109.0,0,109,0,109,-,-,1.9,0,1.9,0,1.9,-,-,0.6,1,0.6,1,0.6,-,-,2.5,1,2.5,1,2.5,-,-
2022,Rīgas,town1,county1,2020,176.8,420.66,3.42,123.0,1,0,0,0,D,126.5,106.1,23.1,0,1,0,0,B,60,20,8,0,0,89,46.1,37.5,43.45,101.0,109.0,0,1.9,15.48,450.0,0.18,0.24,0.72,1.15,20.0,25,0.46,0.14,Electricity from the grid,Gas,Gas,Electricity from the grid,Electricity from the grid,-,-,109.0,202,202,109,109,-,-,1.9,1.1,1.1,1.9,1.9,-,-,0.6,0,0,0.6,0.6,-,-,2.5,1.1,1.1,2.5,2.5,-,-
2022,Zemgales,town6,county6,2021,121.3,333.58,2.75,121.3,1,0,0,0,D,156.8,127.0,7.57,0,1,0,0,C,89,30,7,0,0,125,38.0,31.8,29.92,45.0,187.0,0,0.79,6.49,536.0,0.24,0.27,1.13,1.62,20.0,25,0.48,0.16,Electricity from the grid,Solid biofuel,Electricity from the grid,Solid biofuel,Electricity from the grid,-,-,109.0,40,109,40,109,-,-,1.9,0.2,1.9,0.2,1.9,-,-,0.6,1,0.6,1,0.6,-,-,2.5,1.2,2.5,1.2,2.5,-,-
2022,Rīgas,town7,county7,2010,365.7,443.44,2.3,192.8,2,1,1,0,D,158.6,125.1,9.75,1,0,0,0,C,69,25,0,0,8,103,56.1,55.6,44.84,158.0,178.0,0,0.96,4.97,479.0,0.25,0.3,0.66,0.92,20.0,20,0.4,0.31,Wood/wood waste,,Electricity from the grid,,,Electricity from the grid,-,15.6,-,109,-,-,109,-,1.1,-,1.9,-,-,1.9,-,0.0,-,0.6,-,-,0.6,-,1.1,-,2.5,-,-,2.5,-
2022,Kurzemes,town8,county8,1958,118.9,292.5,2.6,112.5,2,0,0,0,D,129.02,108.92,28.96,1,1,1,0,C,86,20,3,0,0,109,22.92,20.02,21.04,73.0,167.0,0,0.48,4.22,468.0,0.35,0.26,1.73,1.8,20.0,27,0.25,0.21,"Aerothermal, geothermal, hydrothermal and marine energy, hydropower",Electricity from the grid,"Aerothermal, geothermal, hydrothermal and marine energy, hydropower",Electricity from the grid,Electricity from the grid,-,-,0.0,109,0,109,109,-,-,0.0,1.9,0,1.9,1.9,-,-,1.0,0.6,1,0.6,0.6,-,-,1.0,2.5,1,2.5,2.5,-,-
2022,Rīgas,town9,county9,1973,158.3,322.65,2.39,135.0,1,1,0,0,F,176.01,151.29,7.04,1,1,0,0,C,70,25,0,0,0,95,81.29,81.01,53.73,19.0,114.0,0,0.51,3.8,432.0,0.34,0.26,1.09,0.85,20.0,27,0.4,0.33,Solid biofuel,-,Solid biofuel,-,-,-,-,40.0,-,40,-,-,-,-,0.2,-,0.2,-,-,-,-,1.0,-,1,-,-,-,-,1.2,-,1.2,-,-,-,-
2022,Rīgas,town10,county10,2021,141.8,278.7,3.0,92.9,1,0,0,0,D,130.66,105.51,0.0,1,1,0,0,B,74,25,2,0,0,102,31.51,28.66,29.86,4.0,64.0,0,0.03,0.27,350.0,0.29,0.39,1.1,1.5,20.0,25,0.37,0.1,"Aerothermal, geothermal, hydrothermal and marine energy, hydropower",-,"Aerothermal, geothermal, hydrothermal and marine energy, hydropower",-,Electricity from the grid,-,-,0.0,-,0,-,109,-,-,0.0,-,0,-,1.9,-,-,1.0,-,1,-,0.6,-,-,1.0,-,1,-,2.5,-,-
2022,Zemgales,town2,county2,2021,223.5,314.72,2.8,136.8,1,0,0,0,D,121.0,98.0,5.85,0,1,0,0,B,63,27,7,0,0,98,35.0,23.0,35.71,40.0,149.0,0,0.59,5.27,436.0,0.18,0.27,0.77,1.39,20.0,25,0.55,0.19,Electricity from the grid,Solid biofuel,Solid biofuel,Electricity from the grid,Electricity from the grid,-,-,109.0,40,40,109,109,-,-,1.9,0.2,0.2,1.9,1.9,-,-,0.6,1,1,0.6,0.6,-,-,2.5,1.2,1.2,2.5,2.5,-,-
2022,Rīgas,town11,county11,1986,161.5,255.25,2.5,102.1,2,1,1,0,F,189.24,174.94,7.57,1,0,0,0,C,77,23,0,0,0,100,97.94,89.24,55.98,212.0,121.0,0,2.28,22.36,309.0,0.27,0.28,0.83,0.85,19.0,25,0.41,0.35,Gas,-,Gas,-,-,-,-,202.0,-,202,-,-,-,-,1.1,-,1.1,-,-,-,-,0.0,-,0,-,-,-,-,1.1,-,1.1,-,-,-,-
2022,Rīgas,town12,county12,1987,162.0,363.38,2.55,199.0,2,1,0,0,F,199.0,162.0,38.75,1,0,0,0,C,90,20,0,0,17,127,72.0,72.0,44.44,153.0,164.0,0,3.44,24.12,441.0,0.29,0.3,0.97,1.18,20.0,20,0.36,0.31,Gas,-,Gas,-,-,Electricity from the grid,-,202.0,-,202,-,-,109,-,1.1,-,1.1,-,-,1.9,-,0.0,-,0,-,-,0.6,-,1.1,-,1.1,-,-,2.5,-
2022,Rīgas,,county13,2008,165.6,404.83,2.47,163.9,2,0,1,0,E,164.3,138.1,35.82,1,0,0,0,C,79,26,0,0,0,105,59.1,59.3,42.8,127.0,128.0,0,3.74,22.81,443.0,0.26,0.28,0.76,1.04,20.0,25,0.4,0.33,Electricity from the grid,Gas,Electricity from the grid,Gas,-,-,-,109.0,202,109,202,-,-,-,1.9,1.1,1.9,1.1,-,-,-,0.6,0,0.6,0,-,-,-,2.5,1.1,2.5,1.1,-,-,-
2022,Rīgas,town13,county4,2008,211.7,495.02,2.65,186.8,2,1,0,0,D,161.8,115.6,30.87,0,1,0,0,C,90,26,0,0,22,137,25.6,24.8,22.15,168.0,181.0,0,4.8,25.68,662.0,0.34,0.33,1.23,1.4,20.0,20,0.36,0.32,Gas,-,Gas,-,-,Electricity from the grid,-,202.0,-,202,-,-,109,-,1.1,-,1.1,-,-,1.9,-,0.0,-,0,-,-,0.6,-,1.1,-,1.1,-,-,2.5,-
2022,Rīgas,town14,county11,2019,237.8,407.47,2.27,179.5,2,0,1,0,D,123.0,105.0,5.98,0,1,0,0,C,69,17,6,0,0,92,36.0,31.0,34.29,37.0,140.0,0,0.88,4.92,508.0,0.29,0.29,0.88,1.07,20.0,25,0.49,0.07,Electricity from the grid,Solid biofuel,Electricity from the grid,Solid biofuel,Electricity from the grid,-,-,109.0,40,109,40,109,-,-,1.9,0.2,1.9,0.2,1.9,-,-,0.6,1,0.6,1,0.6,-,-,2.5,1.2,2.5,1.2,2.5,-,-
2022,Rīgas,town12,county12,2004,128.0,336.96,2.7,124.8,2,0,0,1,D,145.0,97.0,10.09,1,0,0,0,C,75,30,0,0,18,123,22.0,22.0,22.68,194.0,223.0,0,0.84,6.7,329.0,0.28,0.32,0.8,1.09,20.0,20,0.36,0.33,Wood/wood waste,-,Electricity from the grid,-,-,Electricity from the grid,-,15.6,-,109,-,-,109,-,1.1,-,1.9,-,-,1.9,-,0.0,-,0.6,-,-,0.6,-,1.1,-,2.5,-,-,2.5,-
2022,Zemgales,town15,county14,1925,104.5,381.47,2.45,97.1,1,0,1,0,E,192.0,172.6,5.48,1,0,0,0,C,80,16,0,0,0,96,92.6,96.0,53.65,141.0,150.0,0,0.52,3.32,426.0,0.22,0.25,0.73,0.83,20.0,27,0.36,0.29,Wood/wood waste,-,Electricity from the grid,-,-,-,-,15.6,-,109,-,-,-,-,1.1,-,1.9,-,-,-,-,0.0,-,0.6,-,-,-,-,1.1,-,2.5,-,-,-,-
2022,Zemgales,town2,county2,1998,144.6,371.62,2.57,144.6,2,0,0,0,C,96.6,72.5,52.61,0,1,0,0,B,57,24,3,0,0,87,15.5,9.6,21.38,144.0,151.0,0,5.99,51.4,452.0,0.29,0.31,0.91,0.95,19.5,27,0.75,0.66,Electricity from the grid,Coal (anthracite),Coal (anthracite),-,Electricity from the grid,-,-,109.0,354,354,-,109,-,-,1.9,1.1,1.1,-,1.9,-,-,0.6,0,0,-,0.6,-,-,2.5,1.1,1.1,-,2.5,-,-
2022,Kurzemes,town16,county15,2009,249.3,381.51,2.33,163.74,2,0,0,0,C,92.0,71.0,4.1,1,1,0,0,A,50,21,28,0,34,133,21.0,-41.0,29.58,0.0,132.0,0,0.0,0.0,452.0,0.33,0.33,0.95,1.14,20.4,22.4,0.49,0.39,Photovoltaic cells,"Aerothermal, geothermal, hydrothermal and marine energy, hydropower",Photovoltaic cells,"Aerothermal, geothermal, hydrothermal and marine energy, hydropower",Photovoltaic cells,Photovoltaic cells,-,0.0,0,0,0,0,0,-,0.0,0,0,0,0,0,-,1.0,1,1,1,1,1,-,1.0,1,1,1,1,1,-
2022,Rīgas,town1,county1,1999,336.0,568.0,2.5,227.0,2,1,0,1,D,136.0,109.0,27.0,1,0,0,0,C,82,22,0,0,6,110,27.0,26.0,24.77,125.0,128.0,0,4.91,21.62,518.0,0.3,0.3,0.7,0.8,20.0,20,0.4,0.3,Gas,-,Gas,-,-,Electricity from the grid,-,202.0,-,202,-,-,109,-,1.1,-,1.1,-,-,1.9,-,0.0,-,0,-,-,0.6,-,1.1,-,1.1,-,-,2.5,-
2022,Rīgas,town17,county1,2002,198.0,540.54,2.73,198.0,2,0,1,0,F,171.9,155.9,31.92,1,1,0,0,C,82,16,7,0,0,105,73.9,66.9,47.4,115.0,121.0,0,3.72,18.8,495.0,0.35,0.27,0.93,0.92,20.0,25,0.46,0.11,Gas,Electricity from the grid,Gas,Electricity from the grid,Electricity from the grid,-,-,202.0,109,202,109,109,-,-,1.1,1.9,1.1,1.9,1.9,-,-,0.0,0.6,0,0.6,0.6,-,-,1.1,2.5,1.1,2.5,2.5,-,-
2022,Rīgas,town18,county16,1970,232.1,135.0,2.48,135.0,2,1,0,0,C,108.0,80.0,4.6,1,0,0,0,B,55,29,0,0,0,84,25.0,24.0,31.25,35.0,128.0,0,0.61,4.54,308.0,0.34,0.36,0.82,0.99,20.4,22.4,0.35,0.3,Solid biofuel,-,Electricity from the grid,Solid biofuel,-,-,-,40.0,-,109,40,-,-,-,0.2,-,1.9,0.2,-,-,-,1.0,-,0.6,1,-,-,-,1.2,-,2.5,1.2,-,-,-
2022,Rīgas,town3,county3,2018,212.6,488.98,2.3,212.6,2,1,0,1,E,172.1,149.3,34.37,1,0,0,0,C,86,18,0,0,6,110,63.3,62.1,42.4,126.0,129.0,0,4.62,21.75,564.0,0.32,0.26,0.88,0.87,20.0,20,0.36,0.28,Gas,-,Gas,-,-,Electricity from the grid,-,202.0,-,202,-,-,109,-,1.1,-,1.1,-,-,1.9,-,0.0,-,0,-,-,0.6,-,1.1,-,1.1,-,-,2.5,-
2022,Rīgas,,county13,1960,157.2,411.05,2.5,153.17,2,1,0,0,F,209.37,195.06,42.3,1,1,0,0,C,75,13,2,0,0,90,120.06,119.37,61.55,110.0,111.0,0,3.29,20.0,475.0,0.3,0.3,0.73,0.73,20.0,25,0.36,0.07,Gas,-,Gas,-,Electricity from the grid,-,-,202.0,-,202,-,109,-,-,1.1,-,1.1,-,1.9,-,-,0.0,-,0,-,0.6,-,-,1.1,-,1.1,-,2.5,-,-
2022,Rīgas,town19,county17,1973,102.9,244.97,2.62,93.5,1,0,0,0,D,173.08,137.77,34.96,1,0,0,0,C,81,35,0,0,0,116,56.77,57.08,41.21,128.0,128.0,0,2.2,23.53,352.0,0.26,0.3,0.97,1.12,20.0,27,0.5,0.45,Gas,-,Gas,-,-,-,-,202.0,-,202,-,-,-,-,1.1,-,1.1,-,-,-,-,0.0,-,0,-,-,-,-,1.1,-,1.1,-,-,-,-
2022,Rīgas,town20,county4,2022,139.7,264.74,2.65,99.9,1,0,0,0,D,131.2,100.0,26.7,0,1,0,0,A,58,31,6,0,20,115,42.0,16.2,42.0,124.0,133.0,0,1.92,19.24,377.0,0.19,0.27,0.77,1.32,20.0,25,0.56,0.2,Electricity from the grid,Gas,Electricity from the grid,Gas,Electricity from the grid,Electricity from the grid,-,109.0,202,109,202,109,109,-,1.9,1.1,1.9,1.1,1.9,1.9,-,0.6,0,0.6,0,0.6,0.6,-,2.5,1.1,2.5,1.1,2.5,2.5,-
2022,Rīgas,town21,county18,2009,194.5,429.93,2.44,176.2,2,0,1,0,D,115.0,99.0,3.76,0,1,0,0,C,66,16,6,0,0,88,33.0,27.0,33.33,59.0,135.0,0,0.6,3.41,441.0,0.34,0.31,0.92,1.07,20.0,25,0.47,0.08,Electricity from the grid,"Aerothermal, geothermal, hydrothermal and marine energy, hydropower",Electricity from the grid,"Aerothermal, geothermal, hydrothermal and marine energy, hydropower",Electricity from the grid,-,-,109.0,0,109,0,109,-,-,1.9,0,1.9,0,1.9,-,-,0.6,1,0.6,1,0.6,-,-,2.5,1,2.5,1,2.5,-,-
2022,Rīgas,town22,county13,1962,76.1,212.0,3.15,73.66,1,1,0,0,F,253.0,215.0,8.25,1,1,0,0,C,95,42,8,0,0,144,120.0,109.0,55.81,95.0,219.0,0,0.37,5.51,350.0,0.24,0.26,1.35,1.86,20.0,25,0.45,0.09,Electricity from the grid,"Aerothermal, geothermal, hydrothermal and marine energy, hydropower",Electricity from the grid,"Aerothermal, geothermal, hydrothermal and marine energy, hydropower",Electricity from the grid,-,-,109.0,0,109,0,109,-,-,1.9,0,1.9,0,1.9,-,-,0.6,1,0.6,1,0.6,-,-,2.5,1,2.5,1,2.5,-,-
2022,Kurzemes,town23,county19,1930,99.5,248.75,2.5,96.0,2,0,0,0,D,160.7,124.3,6.43,1,0,0,0,B,62,36,0,0,0,99,62.3,61.7,50.12,19.0,118.0,0,0.39,3.95,259.0,0.36,0.35,1.0,1.86,20.0,25,0.37,0.44,Solid biofuel,-,Solid biofuel,-,-,-,-,40.0,-,40,-,-,-,-,0.2,-,0.2,-,-,-,-,1.0,-,1,-,-,-,-,1.2,-,1.2,-,-,-,-
2022,Rīgas,town17,county1,1995,219.1,297.93,2.23,133.6,1,1,1,0,F,185.37,159.1,8.24,1,0,0,0,C,70,26,0,0,20,116,89.1,69.37,56.0,35.0,152.0,0,0.7,5.25,376.0,0.3,0.3,0.9,1.2,18.0,0,0.5,0.4,Solid biofuel,-,Solid biofuel,-,-,Electricity from the grid,-,40.0,-,40,-,-,109,-,0.2,-,0.2,-,-,1.9,-,1.0,-,1,-,-,0.6,-,1.2,-,1.2,-,-,2.5,-
2022,Rīgas,town13,county4,1985,245.8,374.0,76.0,155.5,2,1,0,0,F,207.6,175.2,6.47,1,0,0,0,C,66,29,0,0,0,96,109.2,111.6,62.33,96.0,105.0,0,3.0,19.3,422.0,0.35,0.28,1.26,2.6,18.0,25,0.48,0.24,Gas,-,Gas,-,-,-,-,202.0,-,202,-,-,-,-,1.1,-,1.1,-,-,-,-,0.0,-,0,-,-,-,-,1.1,-,1.1,-,-,-,-
2022,Rīgas,town12,county12,1900,368.8,775.22,2.7,287.12,2,1,0,0,D,97.2,110.7,5.99,1,0,0,0,C,77,8,0,0,6,91,33.7,6.2,30.44,128.0,131.0,0,0.66,2.31,699.0,0.25,0.26,0.63,0.84,20.0,20,0.4,0.37,Wood/wood waste,-,Wood/wood waste,-,-,Electricity from the grid,-,15.6,-,15.6,-,-,109,-,1.1,-,1.1,-,-,1.9,-,0.0,-,0,-,-,0.6,-,1.1,-,1.1,-,-,2.5,-
2022,Kurzemes,town24,county20,1938,87.0,328.08,4.19,78.0,1,0,1,0,D,210.0,140.0,12.0,1,0,0,0,C,86,20,0,0,20,156,54.0,54.0,38.57,123.0,266.0,0,0.77,9.8,357.0,0.25,0.33,1.12,1.51,18.0,26,0.35,0.5,Solid biofuel,-,Electricity from the grid,-,-,"Aerothermal, geothermal, hydrothermal and marine energy, hydropower",Electricity from the grid,40.0,-,109,-,-,0,109,0.2,-,1.9,-,-,0,1.9,1.0,-,0.6,-,-,1,0.6,1.2,-,2.5,-,-,1,2.5
2022,Rīgas,town10,county10,1984,94.6,192.58,2.66,72.4,1,1,0,0,F,263.04,237.9,10.52,1,0,0,0,B,66,25,0,0,0,91,171.9,172.04,72.26,18.0,109.0,0,0.26,3.65,291.0,0.22,0.25,0.9,1.01,20.0,27,0.5,0.46,Solid biofuel,-,Solid biofuel,-,-,-,-,40.0,-,40,-,-,-,-,0.2,-,0.2,-,-,-,-,1.0,-,1,-,-,-,-,1.2,-,1.2,-,-,-,-
2022,Kurzemes,town25,county19,1930,152.9,303.06,2.08,145.7,2,0,0,0,D,139.0,124.4,5.56,1,0,0,0,C,85,16,0,0,0,101,39.4,38.0,31.67,20.0,121.0,0,0.59,4.04,261.0,0.26,0.25,1.12,2.13,19.0,25,0.49,0.39,Solid biofuel,-,Solid biofuel,-,-,-,-,40.0,-,40,-,-,-,-,0.2,-,0.2,-,-,-,-,1.0,-,1,-,-,-,-,1.2,-,1.2,-,-,-,-
2022,Rīgas,town26,county11,2010,293.5,592.28,2.6,218.4,3,0,0,0,D,117.04,107.14,5.39,1,0,0,0,C,85,10,0,0,0,95,22.14,22.04,20.66,104.0,104.0,0,4.37,19.19,691.0,0.49,0.31,1.43,2.37,18.0,25,0.48,0.45,Gas,-,Gas,-,-,-,-,202.0,-,202,-,-,-,-,1.1,-,1.1,-,-,-,-,0.0,-,0,-,-,-,-,1.1,-,1.1,-,-,-,-
2022,Rīgas,,county21,1968,135.3,343.66,2.54,135.3,2,0,0,0,E,246.45,173.45,49.78,1,0,0,0,C,82,71,0,0,0,153,91.45,93.45,52.72,168.0,168.0,0,2.56,18.92,345.0,0.3,0.4,0.8,1.0,20.0,24,0.5,0.4,Gas,-,Gas,-,-,-,-,56.1,-,202,-,-,-,-,1.1,-,1.1,-,-,-,-,0.0,-,0,-,-,-,-,1.1,-,1.1,-,-,-,-
2022,Rīgas,town1,county22,2005,174.1,314.78,2.25,139.9,1,0,1,0,D,122.44,106.0,27.48,1,1,0,0,C,76,16,2,0,20,114,30.0,8.44,28.3,133.0,141.0,0,2.94,21.05,402.0,0.43,0.29,1.29,1.18,19.0,0,0.71,0.37,Electricity from the grid,Gas,Gas,-,Electricity from the grid,Electricity from the grid,-,109.0,202,202,-,109,109,-,1.9,1.1,1.1,-,1.9,1.9,-,0.6,0,0,-,0.6,0.6,-,2.5,1.1,1.1,-,2.5,2.5,-
2022,Rīgas,town10,county23,2003,238.0,355.8,2.62,135.8,2,1,0,0,D,123.36,145.69,5.83,1,0,0,0,C,83,22,0,0,0,105,62.69,18.36,43.03,58.0,155.0,0,0.78,5.75,442.0,0.28,0.29,0.9,0.93,20.0,27,0.4,0.35,Solid biofuel,-,Electricity from the grid,-,-,-,-,40.0,-,109,-,-,-,-,0.2,-,1.9,-,-,-,-,1.0,-,0.6,-,-,-,-,1.2,-,2.5,-,-,-,-
2022,Rīgas,town17,county22,2018,271.4,405.29,2.34,173.2,2,0,0,0,D,130.39,102.15,26.34,0,1,0,0,C,81,0,0,0,0,81,21.15,49.39,20.7,88.0,88.0,0,2.83,16.33,547.0,0.41,0.32,1.3,1.01,20.0,27,0.4,0.32,Gas,-,-,-,-,-,-,202.0,-,-,-,-,-,-,1.1,-,-,-,-,-,-,0.0,-,-,-,-,-,-,1.1,-,-,-,-,-,-
2022,Zemgales,town2,county2,1971,193.8,462.0,2.64,175.0,2,0,1,0,E,201.1,146.6,37.13,1,0,0,0,C,72,35,0,0,20,126,74.6,75.1,50.89,126.0,144.0,0,3.85,21.98,643.0,0.36,0.35,1.34,1.28,17.0,26,0.3,0.28,Gas,-,Gas,-,-,"Aerothermal, geothermal, hydrothermal and marine energy, hydropower",Electricity from the grid,202.0,-,202,-,-,0,109,1.1,-,1.1,-,-,0,1.9,0.0,-,0,-,-,1,0.6,1.1,-,1.1,-,-,1,2.5
2022,Rīgas,town17,county22,2014,351.6,776.72,2.8,277.4,3,0,1,0,D,106.04,85.24,21.42,1,1,0,0,C,68,21,1,0,0,90,17.24,16.04,20.23,108.0,108.0,0,5.43,19.57,849.0,0.35,0.45,1.08,1.37,17.6,26,0.32,0.23,Gas,-,Gas,-,Electricity from the grid,-,-,202.0,-,202,-,109,-,-,1.1,-,1.1,-,1.9,-,-,0.0,-,0,-,0.6,-,-,1.1,-,1.1,-,2.5,-,-
2022,Rīgas,town27,county18,2014,224.6,345.84,2.41,143.5,2,1,0,0,F,239.2,218.3,11.42,1,1,0,0,C,82,21,4,0,0,108,136.3,131.2,62.44,37.0,159.0,0,0.79,5.5,429.0,0.32,0.31,1.02,1.22,20.0,25,0.49,0.12,Electricity from the grid,Solid biofuel,Electricity from the grid,Solid biofuel,Electricity from the grid,-,-,109.0,40,109,40,109,-,-,1.9,0.2,1.9,0.2,1.9,-,-,0.6,1,0.6,1,0.6,-,-,2.5,1.2,2.5,1.2,2.5,-,-
2022,Rīgas,town28,county18,2007,189.8,324.63,2.45,132.5,2,0,1,0,D,125.0,102.0,27.07,1,1,0,0,B,57,23,6,0,0,86,45.0,39.0,44.12,109.0,115.0,0,2.38,17.98,354.0,0.29,0.31,0.83,1.11,20.0,25,0.45,0.05,Electricity from the grid,Gas,Electricity from the grid,Gas,Electricity from the grid,-,-,109.0,202,109,202,109,-,-,1.9,1.1,1.9,1.1,1.9,-,-,0.6,0,0.6,0,0.6,-,-,2.5,1.1,2.5,1.1,2.5,-,-
2022,Rīgas,town12,county12,1970,173.5,399.5,2.5,159.8,2,1,0,0,D,154.0,119.0,31.85,1,1,0,0,C,74,26,0,0,13,113,45.0,41.0,37.82,135.0,143.0,0,3.46,21.63,397.0,0.37,0.31,0.97,0.97,20.0,24,0.36,0.31,Gas,-,Gas,-,-,Electricity from the grid,-,202.0,-,202,-,-,109,-,1.1,-,1.1,-,-,1.9,-,0.0,-,0,-,-,0.6,-,1.1,-,1.1,-,-,2.5,-
2022,Rīgas,,county13,1997,242.2,565.38,2.7,209.4,2,1,1,0,F,206.86,192.55,41.79,1,0,0,0,C,75,14,0,0,0,90,117.55,116.86,61.05,109.0,109.0,0,4.22,20.15,819.0,0.25,0.3,0.97,1.2,20.0,25,0.34,0.13,Gas,-,Gas,-,-,-,-,202.0,-,202,-,-,-,-,1.1,-,1.1,-,-,-,-,0.0,-,0,-,-,-,-,1.1,-,1.1,-,-,-,-
2022,Rīgas,town29,county11,1990,110.6,239.46,2.6,92.1,2,1,0,0,E,222.4,179.2,14.07,1,0,0,0,C,88,29,0,0,16,134,91.2,88.4,50.89,192.0,202.0,0,0.38,4.08,295.0,0.31,0.32,1.08,1.42,20.0,24,0.36,0.32,Wood/wood waste,-,Wood/wood waste,-,-,Electricity from the grid,-,15.6,-,15.6,-,-,109,-,1.1,-,1.1,-,-,1.9,-,0.0,-,0,-,-,0.6,-,1.1,-,1.1,-,-,2.5,-
2022,Rīgas,town30,county3,1987,211.9,254.25,2.5,101.7,2,1,0,0,F,317.4,291.0,69.3,1,1,0,0,C,86,26,6,0,0,119,205.0,198.4,70.45,149.0,155.0,0,2.54,24.97,326.0,0.33,0.32,1.14,1.34,20.0,25,0.49,0.08,Electricity from the grid,Gas,Electricity from the grid,Gas,Electricity from the grid,-,-,109.0,202,109,202,109,-,-,1.9,1.1,1.9,1.1,1.9,-,-,0.6,0,0.6,0,0.6,-,-,2.5,1.1,2.5,1.1,2.5,-,-
2022,Rīgas,town31,county24,2009,176.0,338.29,2.67,126.7,1,0,0,0,D,105.0,105.0,7.04,0,1,0,0,C,65,24,6,0,0,95,40.0,10.0,38.1,39.0,160.0,0,0.71,5.57,511.0,0.24,0.27,0.84,1.15,20.0,25,0.48,0.12,Electricity from the grid,Solid biofuel,Electricity from the grid,Solid biofuel,Electricity from the grid,-,-,109.0,40,109,40,109,-,-,1.9,0.2,1.9,0.2,1.9,-,-,0.6,1,0.6,1,0.6,-,-,2.5,1.2,2.5,1.2,2.5,-,-
2022,Kurzemes,town32,county25,1983,103.7,222.96,2.15,103.7,2,0,0,0,D,159.0,119.0,11.1,1,0,0,0,C,81,40,0,0,0,122,38.0,37.0,31.93,61.0,249.0,0,0.9,8.67,223.0,0.49,0.3,1.09,0.83,20.5,21.3,0.35,0.26,Solid biofuel,-,Electricity from the grid,Solid biofuel,-,-,-,40.0,-,109,40,-,-,-,0.2,-,1.9,0.2,-,-,-,1.0,-,0.6,1,-,-,-,1.2,-,2.5,1.2,-,-,-
2022,Rīgas,,county21,1966,238.89,542.72,2.49,217.96,2,0,1,0,E,155.0,135.0,28.77,1,1,0,0,C,77,20,6,0,0,104,58.0,51.0,42.96,112.0,117.0,0,4.08,18.71,615.0,0.32,0.28,0.95,1.02,19.1,25,0.46,0.11,Gas,Electricity from the grid,Gas,Electricity from the grid,Electricity from the grid,-,-,202.0,109,202,109,109,-,-,1.1,1.9,1.1,1.9,1.9,-,-,0.0,0.6,0,0.6,0.6,-,-,1.1,2.5,1.1,2.5,2.5,-,-
2022,Vidzemes,town33,county26,1940,123.36,265.22,2.15,123.36,2,0,1,0,D,184.9,160.4,10.03,1,1,0,0,C,73,25,6,0,0,104,87.4,80.9,54.49,68.0,158.0,0,0.49,3.95,296.0,0.32,0.28,0.83,0.91,20.0,25,0.5,0.08,Electricity from the grid,"Aerothermal, geothermal, hydrothermal and marine energy, hydropower",Electricity from the grid,"Aerothermal, geothermal, hydrothermal and marine energy, hydropower",Electricity from the grid,-,-,109.0,0,109,0,109,-,-,1.9,0,1.9,0,1.9,-,-,0.6,1,0.6,1,0.6,-,-,2.5,1,2.5,1,2.5,-,-
2022,Rīgas,town34,county11,2009,384.3,625.49,2.45,255.3,2,1,0,0,C,86.0,69.0,17.6,1,0,0,0,B,51,17,0,0,0,67,18.0,19.0,26.09,75.0,75.0,0,1.62,6.36,480.0,0.35,0.37,0.68,0.78,20.5,21.4,0.35,0.29,Gas,-,Gas,-,-,-,-,56.1,-,202,-,-,-,-,1.1,-,1.1,-,-,-,-,0.0,-,0,-,-,-,-,1.1,-,1.1,-,-,-,-
2022,Rīgas,town1,county22,2012,139.7,312.43,2.83,110.4,1,0,0,0,D,153.2,124.5,33.25,0,1,0,0,C,83,29,6,0,0,118,41.5,35.2,33.33,147.0,153.0,0,2.73,24.77,411.0,0.26,0.25,1.02,1.26,20.0,25,0.48,0.13,Electricity from the grid,Gas,Electricity from the grid,Gas,Electricity from the grid,-,-,109.0,202,109,202,109,-,-,1.9,1.1,1.9,1.1,1.9,-,-,0.6,0,0.6,0,0.6,-,-,2.5,1.1,2.5,1.1,2.5,-,-
2022,Rīgas,town27,county18,1998,177.5,351.0,2.6,135.0,2,1,0,0,E,133.0,101.0,6.2,1,0,0,0,A,41,32,0,0,0,73,60.0,60.0,59.41,17.0,103.0,0,0.47,3.45,311.0,0.28,0.33,0.67,0.88,20.5,22.3,0.35,0.31,Solid biofuel,-,Solid biofuel,-,-,-,-,40.0,-,40,-,-,-,-,0.2,-,0.2,-,-,-,-,1.0,-,1,-,-,-,-,1.2,-,1.2,-,-,-,-
2022,Rīgas,town3,county3,1985,228.5,393.5,2.5,157.4,2,1,0,0,E,162.4,130.2,32.01,1,0,0,0,C,80,26,0,0,7,113,50.2,49.4,38.56,129.0,133.0,0,3.48,22.08,399.0,0.31,0.3,0.85,0.97,20.0,24,0.36,0.31,Gas,-,Gas,-,-,Electricity from the grid,-,202.0,-,202,-,-,109,-,1.1,-,1.1,-,-,1.9,-,0.0,-,0,-,-,0.6,-,1.1,-,1.1,-,-,2.5,-
2022,Rīgas,,county13,2002,233.3,592.58,2.54,233.3,2,0,1,0,E,147.0,130.0,28.3,1,1,0,0,C,75,16,6,0,0,98,55.0,49.0,42.31,110.0,115.0,0,4.28,18.36,593.0,0.34,0.31,0.91,1.04,20.0,25,0.45,0.11,Electricity from the grid,Gas,Electricity from the grid,Gas,Electricity from the grid,-,-,109.0,202,109,202,109,-,-,1.9,1.1,1.9,1.1,1.9,-,-,0.6,0,0.6,0,0.6,-,-,2.5,1.1,2.5,1.1,2.5,-,-
2022,Rīgas,town18,county27,1920,153.7,339.02,2.3,147.4,2,0,0,0,D,117.0,91.0,7.6,1,0,0,0,B,53,26,0,0,0,79,38.0,38.0,41.76,33.0,121.0,0,0.63,4.28,292.0,0.38,0.33,0.8,0.78,20.5,21.3,0.35,0.27,Solid biofuel,-,Electricity from the grid,Solid biofuel,-,-,-,40.0,-,109,40,-,-,-,0.2,-,1.9,0.2,-,-,-,1.0,-,0.6,1,-,-,-,1.2,-,2.5,1.2,-,-,-
2022,Vidzemes,town35,county28,1975,132.94,345.64,2.6,132.94,2,0,0,1,F,216.7,184.4,12.52,1,0,0,0,C,89,21,0,0,12,122,95.4,94.7,51.74,184.0,204.0,0,0.71,5.34,403.0,0.26,0.27,0.85,1.06,20.0,20,0.36,0.32,Wood/wood waste,-,Electricity from the grid,-,-,Electricity from the grid,-,15.6,-,109,-,-,109,-,1.1,-,1.9,-,-,1.9,-,0.0,-,0.6,-,-,0.6,-,1.1,-,2.5,-,-,2.5,-
2022,Kurzemes,town36,county29,2020,191.3,436.28,2.6,167.8,1,0,0,0,D,109.1,92.1,3.79,0,1,0,0,B,51,17,5,0,20,93,41.1,16.1,44.63,62.0,128.0,0,0.6,3.59,584.0,0.16,0.24,0.63,1.08,20.0,25,0.49,0.1,Electricity from the grid,"Aerothermal, geothermal, hydrothermal and marine energy, hydropower",Electricity from the grid,"Aerothermal, geothermal, hydrothermal and marine energy, hydropower",Electricity from the grid,Electricity from the grid,-,109.0,0,109,0,109,109,-,1.9,0,1.9,0,1.9,1.9,-,0.6,1,0.6,1,0.6,0.6,-,2.5,1,2.5,1,2.5,2.5,-
2022,Rīgas,,county21,1975,225.9,180.25,2.5,192.1,2,0,1,0,D,138.0,107.0,26.93,1,0,0,0,B,64,20,0,0,11,95,43.0,43.0,40.19,113.0,119.0,0,3.5,18.2,460.0,0.26,0.27,0.67,0.83,20.0,20,0.36,0.31,Gas,-,Gas,-,-,Electricity from the grid,-,202.0,-,202,-,-,109,-,1.1,-,1.1,-,-,1.9,-,0.0,-,0,-,-,0.6,-,1.1,-,1.1,-,-,2.5,-
2022,Rīgas,town3,county3,2006,170.5,407.86,2.73,149.4,2,0,0,0,D,141.1,120.5,5.41,0,1,0,0,C,84,21,6,0,0,110,36.5,31.1,30.29,82.0,175.0,0,0.71,4.72,423.0,0.34,0.3,1.0,1.1,20.0,25,0.47,0.13,Electricity from the grid,"Aerothermal, geothermal, hydrothermal and marine energy, hydropower",Electricity from the grid,"Aerothermal, geothermal, hydrothermal and marine energy, hydropower",Electricity from the grid,-,-,109.0,0,109,0,109,-,-,1.9,0,1.9,0,1.9,-,-,0.6,1,0.6,1,0.6,-,-,2.5,1,2.5,1,2.5,-,-
2022,Rīgas,town12,county12,1994,295.4,339.36,2.4,141.4,2,1,0,0,F,196.6,163.5,39.38,1,0,0,0,C,89,26,0,0,9,123,74.5,73.6,45.57,142.0,148.0,0,3.41,24.1,418.0,0.32,0.31,1.03,1.19,20.0,24,0.36,0.29,Gas,-,Gas,-,-,Electricity from the grid,-,202.0,-,202,-,-,109,-,1.1,-,1.1,-,-,1.9,-,0.0,-,0,-,-,0.6,-,1.1,-,1.1,-,-,2.5,-
2022,Rīgas,town12,county12,1976,193.8,285.0,2.4,118.8,2,1,0,0,D,190.8,146.2,38.01,1,0,0,0,C,89,32,0,0,15,136,57.2,54.8,39.12,161.0,170.0,0,3.09,26.03,422.0,0.46,0.31,1.7,1.38,20.0,24,0.36,0.29,Gas,-,Gas,-,-,Electricity from the grid,-,202.0,-,202,-,-,109,-,1.1,-,1.1,-,-,1.9,-,0.0,-,0,-,-,0.6,-,1.1,-,1.1,-,-,2.5,-
2022,Vidzemes,town37,county30,1982,136.6,219.5,2.5,87.8,2,1,0,0,F,317.4,286.2,17.79,1,0,0,0,C,87,21,0,0,15,123,199.2,194.4,69.6,188.0,209.0,0,0.49,5.61,289.0,0.48,0.32,1.68,1.41,20.0,24,0.36,0.31,Wood/wood waste,-,Electricity from the grid,-,-,Electricity from the grid,-,15.6,-,109,-,-,109,-,1.1,-,1.9,-,-,1.9,-,0.0,-,0.6,-,-,0.6,-,1.1,-,2.5,-,-,2.5,-
2022,Rīgas,town22,county13,1963,260.7,501.88,2.33,215.4,2,1,1,0,D,108.8,94.9,31.61,1,1,0,0,B,65,14,6,0,0,85,29.9,23.8,31.51,104.0,108.0,0,5.05,23.43,448.0,0.46,0.27,0.98,0.73,18.6,25,0.45,0.13,Electricity from the grid,Degvieleļļa (kurināmais mazuts),Electricity from the grid,Degvieleļļa (kurināmais mazuts),Electricity from the grid,-,-,109.0,279,109,279,109,-,-,1.9,1.1,1.9,1.1,1.9,-,-,0.6,0,0.6,0,0.6,-,-,2.5,1.1,2.5,1.1,2.5,-,-
2021,Vidzemes,town38,county31,1999,140.5,271.4,2.3,118.0,2,1,1,0,D,151.0,125.1,7.42,1,0,0,0,C,89,22,0,0,12,122,36.1,29.0,28.86,157.0,163.0,0,0.37,3.17,417.0,0.27,0.3,0.99,1.34,19.0,20,0.3,0.23,Wood/wood waste,-,Wood/wood waste,-,-,Electricity from the grid,-,15.6,-,15.6,-,-,109,-,1.1,-,1.1,-,-,1.9,-,0.0,-,0,-,-,0.6,-,1.1,-,1.1,-,-,2.5,-
2021,Zemgales,town2,county2,2010,256.6,442.0,2.4,184.3,2,0,0,0,C,84.0,69.0,17.0,1,0,0,0,B,53,16,0,0,0,68,16.0,16.0,23.19,76.0,76.0,0,2.6,14.09,383.0,0.32,0.31,0.69,0.75,20.0,21,0.35,0.29,Gas,-,Gas,-,-,-,-,202.0,-,202,-,-,-,-,1.1,-,1.1,-,-,-,-,0.0,-,0,-,-,-,-,1.1,-,1.1,-,-,-,-
2021,Vidzemes,town39,county26,1952,158.7,320.5,2.5,128.2,1,1,0,0,D,139.9,118.2,7.13,1,0,0,0,C,86,18,0,0,4,108,32.2,31.9,27.24,150.0,152.0,0,0.32,2.47,453.0,0.21,0.24,0.8,1.11,20.0,20,0.36,0.31,Wood/wood waste,-,Wood/wood waste,-,-,Electricity from the grid,-,15.6,-,15.6,-,-,109,-,1.1,-,1.1,-,-,1.9,-,0.0,-,0,-,-,0.6,-,1.1,-,1.1,-,-,2.5,-
2021,Vidzemes,town40,county32,1938,154.2,283.99,2.21,128.5,2,1,0,0,F,211.69,173.54,,1,0,0,0,C,83,0,0,0,0,83,90.54,128.69,52.17,16.0,99.0,0,0.43,3.32,362.0,0.3,0.28,0.86,0.79,20.0,27,0.4,0.3,Solid biofuel,-,-,-,-,-,-,40.0,-,-,-,-,-,-,0.2,-,-,-,-,-,-,1.0,-,-,-,-,-,-,1.2,-,-,-,-,-,-
2021,Rīgas,town41,county18,2020,111.2,270.85,2.56,105.8,2,0,1,0,D,138.3,103.2,5.77,1,0,0,0,C,81,33,0,0,0,114,22.2,24.3,21.51,32.0,165.0,0,0.59,5.59,315.0,0.22,0.48,0.74,1.74,20.0,25,0.51,0.43,Electricity from the grid,Solid biofuel,Electricity from the grid,Solid biofuel,-,-,-,109.0,40,109,40,-,-,-,1.9,0.2,1.9,0.2,-,-,-,0.6,1,0.6,1,-,-,-,2.5,1.2,2.5,1.2,-,-,-
2021,Latgales,town42,county33,1963,68.7,153.75,2.5,67.5,1,1,0,0,F,265.6,225.5,0.0,1,0,0,0,C,120,27,0,0,10,83,105.5,182.6,46.78,139.0,145.0,0,1.43,23.27,252.0,0.24,0.26,1.03,1.43,20.0,24,0.36,0.31,Gas,-,Gas,-,-,Electricity from the grid,-,1.1,-,1.1,-,-,109,-,1.1,-,1.1,-,-,1.9,-,0.0,-,0,-,-,0.6,-,1.1,-,1.1,-,-,2.5,-
2021,Vidzemes,town43,county26,1960,105.9,223.2,2.4,93.0,2,1,0,1,C,117.5,86.1,5.29,1,1,0,0,A,54,25,0,0,10,88,32.1,29.5,37.28,120.0,126.0,0,0.24,2.56,275.0,0.25,0.27,0.77,1.07,20.0,24,0.4,0.33,Wood/wood waste,-,Wood/wood waste,-,-,Electricity from the grid,-,15.6,-,15.6,-,-,109,-,1.1,-,1.1,-,-,1.9,-,0.0,-,0,-,-,0.6,-,1.1,-,1.1,-,-,2.5,-
2021,Vidzemes,town44,county26,1980,122.9,294.96,2.4,122.9,2,0,0,0,D,135.8,107.0,26.48,1,0,0,0,C,83,23,0,0,6,113,24.0,22.8,22.43,128.0,131.0,0,2.73,22.21,362.0,0.32,0.31,1.02,1.21,18.0,24,0.4,0.33,Gas,-,Gas,-,-,Electricity from the grid,-,202.0,-,202,-,-,109,-,1.1,-,1.1,-,-,1.9,-,0.0,-,0,-,-,0.6,-,1.1,-,1.1,-,-,2.5,-
2021,Kurzemes,town45,county34,1870,134.4,289.2,2.4,120.5,1,1,0,0,E,166.0,136.0,10.0,1,0,0,0,C,89,30,0,0,0,119,47.0,47.0,34.56,33.0,203.0,0,0.82,6.78,390.0,0.41,0.28,1.35,1.05,20.5,21.3,0.35,0.29,Solid biofuel,-,Solid biofuel,-,-,-,-,40.0,-,40,-,-,-,-,0.2,-,0.2,-,-,-,-,1.0,-,1,-,-,-,-,1.2,-,1.2,-,-,-,-
2021,Rīgas,town46,county35,2000,327.5,514.54,2.6,197.9,3,1,0,0,D,135.0,115.0,5.73,1,0,0,0,C,89,14,0,0,6,109,26.0,26.0,22.61,137.0,140.0,0,0.48,2.41,638.0,0.25,0.29,0.85,1.11,20.0,24,0.4,0.35,Wood/wood waste,-,Wood/wood waste,-,-,Electricity from the grid,-,15.6,-,15.6,-,-,109,-,1.1,-,1.1,-,-,1.9,-,0.0,-,0,-,-,0.6,-,1.1,-,1.1,-,-,2.5,-
2021,Kurzemes,town47,county29,1976,111.02,272.0,2.45,111.02,2,0,0,0,C,105.0,77.0,4.8,1,0,0,0,A,54,28,0,0,0,82,23.0,23.0,29.87,19.0,115.0,0,0.43,3.86,254.0,0.28,0.3,0.66,0.78,20.6,22.3,0.35,0.29,Solid biofuel,-,Solid biofuel,-,-,-,-,40.0,-,40,-,-,-,-,0.2,-,0.2,-,-,-,-,1.0,-,1,-,-,-,-,1.2,-,1.2,-,-,-,-
2021,Vidzemes,town48,county36,1958,132.0,327.23,2.68,122.1,1,1,0,0,D,114.71,97.28,7.65,0,1,0,1,C,77,16,3,0,2,97,20.28,17.71,20.85,0.0,97.0,0,0.0,0.0,464.0,0.29,0.25,1.09,0.96,20.0,25,0.38,0.18,Photovoltaic cells,"Aerothermal, geothermal, hydrothermal and marine energy, hydropower",Photovoltaic cells,"Aerothermal, geothermal, hydrothermal and marine energy, hydropower",Photovoltaic cells,Photovoltaic cells,"Aerothermal, geothermal, hydrothermal and marine energy, hydropower",0.0,0,0,0,0,0,0,0.0,0,0,0,0,0,0,1.0,1,1,1,1,1,1,1.0,1,1,1,1,1,1
2021,Zemgales,town49,county37,2016,200.5,349.06,2.48,140.7,1,0,1,0,D,120.0,102.2,4.97,1,1,0,0,B,59,18,2,0,0,79,43.2,41.0,42.27,20.0,104.0,0,0.5,3.53,349.0,0.26,0.27,0.71,0.76,20.0,27,0.45,0.14,Solid biofuel,-,Solid biofuel,-,Electricity from the grid,-,-,40.0,-,40,-,109,-,-,0.2,-,0.2,-,1.9,-,-,1.0,-,1,-,0.6,-,-,1.2,-,1.2,-,2.5,-,-
2021,Kurzemes,town8,county8,2010,167.9,399.0,2.8,148.5,2,1,0,0,C,105.0,75.0,5.2,1,0,0,0,B,59,30,0,0,0,89,16.0,16.0,21.33,20.0,125.0,0,0.6,4.19,366.0,0.38,0.36,1.04,1.18,20.3,22.3,0.35,0.33,Solid biofuel,-,Solid biofuel,-,-,-,-,40.0,-,40,-,-,-,-,0.2,-,0.2,-,-,-,-,1.0,-,1,-,-,-,-,1.2,-,1.2,-,-,-,-
2021,Latgales,town42,county33,1955,84.1,179.0,2.5,71.6,1,1,0,0,D,186.8,134.1,7.74,1,0,0,0,C,88,36,0,0,15,139,46.1,47.8,34.38,151.0,166.0,0,0.15,2.15,310.0,0.25,0.27,1.15,1.15,19.0,24,0.4,0.34,Wood/wood waste,-,Wood/wood waste,-,-,"Aerothermal, geothermal, hydrothermal and marine energy, hydropower",-,15.6,-,15.6,-,-,0,-,1.1,-,1.1,-,-,0,-,0.0,-,0,-,-,1,-,1.1,-,1.1,-,-,1,-
2021,Vidzemes,town50,county26,1913,178.2,360.32,2.54,141.86,2,1,0,0,D,158.73,98.67,7.32,0,1,0,0,C,76,60,8,0,0,144,22.67,14.73,22.98,145.0,261.0,0,1.49,10.49,395.0,0.38,0.49,1.06,1.37,20.0,25,1.32,1.14,Solid biofuel,-,Electricity from the grid,-,Electricity from the grid,-,-,40.0,-,109,-,109,-,-,0.2,-,1.9,-,1.9,-,-,1.0,-,0.6,-,0.6,-,-,1.2,-,2.5,-,2.5,-,-
2021,Zemgales,town51,county38,1979,145.0,418.6,2.8,149.5,1,1,0,0,F,180.39,162.53,7.22,1,1,0,0,A,48,26,3,0,0,77,114.53,103.39,70.47,24.0,118.0,Jā,0.6,4.01,454.0,0.22,0.29,0.67,0.88,19.0,25,0.33,0.07,Solid biofuel,-,Solid biofuel,-,Electricity from the grid,-,-,40.0,-,40,-,109,-,-,0.2,-,0.2,-,1.9,-,-,1.0,-,1,-,0.6,-,-,1.2,-,1.2,-,2.5,-,-
2021,Vidzemes,town48,county36,1984,177.83,258.83,2.5,103.53,2,1,0,0,E,205.2,169.4,39.98,1,0,0,0,C,88,27,0,0,8,123,81.4,82.2,48.05,142.0,146.0,0,2.5,24.18,341.0,0.33,0.33,1.12,1.38,18.0,24,0.36,0.31,Gas,-,Gas,-,-,Electricity from the grid,-,202.0,-,202,-,-,109,-,1.1,-,1.1,-,-,1.9,-,0.0,-,0,-,-,0.6,-,1.1,-,1.1,-,-,2.5,-
2021,Kurzemes,town52,county39,1978,116.6,273.92,2.52,108.7,2,0,0,0,D,117.0,96.0,10.0,1,0,0,0,B,65,22,0,0,0,87,31.0,30.0,32.29,68.0,211.0,0,0.83,7.63,277.0,0.35,0.28,0.91,0.85,20.3,22.3,0.35,0.3,Solid biofuel,-,Electricity from the grid,-,-,-,-,40.0,-,109,-,-,-,-,0.2,-,1.9,-,-,-,-,1.0,-,0.6,-,-,-,-,1.2,-,2.5,-,-,-,-
2021,Latgales,town53,county40,1929,148.3,250.4,2.45,102.2,1,1,0,0,E,198.7,177.2,9.6,1,0,0,0,C,84,22,0,0,0,106,93.3,93.2,52.65,32.0,154.0,0,0.54,5.26,,,,,,,,,,,,,,,,,,,,,,,,,,,,,,,,,,,,,,,,,,,,
2021,Vidzemes,town54,county31,1908,171.1,461.97,2.7,171.1,1,0,0,0,F,217.2,202.5,10.31,1,1,0,0,C,89,10,0,0,6,105,113.5,112.2,56.05,137.0,141.0,0,0.42,2.45,608.0,0.28,0.25,1.02,1.13,20.0,20,0.36,0.33,Wood/wood waste,-,Wood/wood waste,-,-,Electricity from the grid,-,15.6,-,15.6,-,-,109,-,1.1,-,1.1,-,-,1.9,-,0.0,-,0,-,-,0.6,-,1.1,-,1.1,-,-,2.5,-
2021,Kurzemes,town16,county15,1960,197.5,495.56,2.6,190.6,2,0,0,0,C,80.0,67.0,5.0,1,1,0,0,A,44,13,0,0,0,56,23.0,24.0,34.33,13.0,79.0,0,0.5,2.64,403.0,0.3,0.29,0.66,0.77,20.5,22.7,0.35,0.31,Solid biofuel,-,Solid biofuel,-,-,-,-,40.0,-,40,-,-,-,-,0.2,-,0.2,-,-,-,-,1.0,-,1,-,-,-,-,1.2,-,1.2,-,-,-,-
2021,Rīgas,town55,county41,2017,188.0,361.0,3.0,120.6,1,0,0,0,C,114.9,82.2,0.14,0,1,0,0,B,59,24,0,0,11,95,23.2,19.9,28.22,58.0,140.0,0,0.41,3.36,472.0,0.21,0.26,0.87,1.32,20.0,24,0.4,0.41,Electricity from the grid,"Aerothermal, geothermal, hydrothermal and marine energy, hydropower","Aerothermal, geothermal, hydrothermal and marine energy, hydropower",-,-,Electricity from the grid,-,109.0,0,0,-,-,109,-,1.9,0,0,-,-,1.9,-,0.6,1,1,-,-,0.6,-,2.5,1,1,-,-,2.5,-
2021,Zemgales,town56,county37,2014,117.7,311.0,2.65,117.7,2,0,1,0,C,125.6,93.9,0.14,0,1,0,1,B,63,24,0,0,12,99,30.9,26.6,32.91,77.0,160.0,0,0.52,4.42,307.0,0.3,0.27,0.82,0.95,20.0,24,0.4,0.36,Electricity from the grid,"Aerothermal, geothermal, hydrothermal and marine energy, hydropower",Electricity from the grid,"Aerothermal, geothermal, hydrothermal and marine energy, hydropower",-,Electricity from the grid,-,109.0,0,109,0,-,109,-,1.9,0,1.9,0,-,1.9,-,0.6,1,0.6,1,-,0.6,-,2.5,1,2.5,1,-,2.5,-
2021,Latgales,town57,county42,1990,176.8,281.0,2.5,112.4,2,1,0,0,E,190.98,170.19,9.07,1,0,0,0,C,94,12,0,0,0,106,76.19,84.98,44.77,21.0,126.0,0,0.48,4.23,339.0,0.34,0.27,1.02,0.83,20.0,27,0.4,0.34,Solid biofuel,-,Solid biofuel,-,-,-,-,40.0,-,40,-,-,-,-,0.2,-,0.2,-,-,-,-,1.0,-,1,-,-,-,-,1.2,-,1.2,-,-,-,-
2021,Zemgales,town2,county2,2004,304.7,640.64,2.6,246.4,2,0,0,0,C,124.64,87.32,24.45,1,1,0,0,B,64,0,0,0,0,64,23.32,60.64,26.71,70.0,70.0,0,3.21,13.01,675.0,0.36,0.3,0.99,0.82,20.0,27,0.4,0.35,Gas,-,-,-,-,-,-,202.0,-,-,-,-,-,-,1.1,-,-,-,-,-,-,0.0,-,-,-,-,-,-,1.1,-,-,-,-,-,-
2021,Rīgas,town58,county43,2013,255.3,603.0,2.8,215.4,2,1,0,1,C,116.4,88.6,6.01,0,1,0,0,B,61,12,1,0,18,92,27.6,24.4,31.15,125.0,128.0,0,0.73,3.39,697.0,0.26,0.33,0.86,1.35,20.0,24,0.5,0.48,Wood/wood waste,-,Wood/wood waste,-,Electricity from the grid,Electricity from the grid,-,15.6,-,15.6,-,109,109,-,1.1,-,1.1,-,1.9,1.9,-,0.0,-,0,-,0.6,0.6,-,1.1,-,1.1,-,2.5,2.5,-
2021,Rīgas,town3,county44,2017,134.6,346.63,3.03,114.4,1,0,0,0,C,128.2,87.1,4.87,0,1,0,0,A,56,28,0,0,18,102,31.1,26.2,35.71,137.0,147.0,0,0.39,3.42,438.0,0.22,0.28,0.88,1.38,20.0,24,0.5,0.52,Wood/wood waste,-,Wood/wood waste,-,-,Electricity from the grid,-,15.6,-,15.6,-,-,109,-,1.1,-,1.1,-,-,1.9,-,0.0,-,0,-,-,0.6,-,1.1,-,1.1,-,-,2.5,-
2021,Latgales,town59,county45,1983,81.79,343.82,2.4,81.79,2,0,1,0,F,311.1,283.7,16.18,1,1,0,0,B,61,22,4,0,0,87,222.7,224.1,78.5,45.0,144.0,0,0.75,5.2,402.0,0.22,0.28,0.67,1.05,20.0,25,0.48,0.11,Electricity from the grid,Solid biofuel,Electricity from the grid,Solid biofuel,Electricity from the grid,-,-,109.0,40,109,40,109,-,-,1.9,0.2,1.9,0.2,1.9,-,-,0.6,1,0.6,1,0.6,-,-,2.5,1.2,2.5,1.2,2.5,-,-
2021,Kurzemes,town8,county8,2007,232.6,419.25,2.5,167.7,2,1,0,1,D,148.6,122.2,29.27,1,1,0,0,C,86,17,0,0,10,113,36.2,35.6,29.62,132.0,138.0,0,3.67,21.89,485.0,0.38,0.3,1.12,1.1,20.0,24,0.4,0.34,Gas,-,Gas,-,-,Electricity from the grid,-,202.0,-,202,-,-,109,-,1.1,-,1.1,-,-,1.9,-,0.0,-,0,-,-,0.6,-,1.1,-,1.1,-,-,2.5,-
2021,Rīgas,town60,county4,2013,253.2,577.4,2.8,206.2,1,0,0,0,D,126.6,110.7,0.08,1,1,0,0,C,77,9,0,0,10,95,33.9,31.3,30.62,1.0,37.0,0,0.02,0.81,,,,,,,,,,,,,,,,,,,,,,,,,,,,,,,,,,,,,,,,,,,,
2021,Kurzemes,town61,county46,1991,127.4,198.72,2.7,73.6,1,1,0,0,E,187.0,154.0,14.0,1,0,0,0,B,75,33,0,0,0,107,79.0,80.0,51.3,36.0,158.0,0,0.4,5.47,257.0,0.33,0.3,1.18,1.26,20.5,21.3,0.35,0.32,Solid biofuel,-,Electricity from the grid,Solid biofuel,-,-,-,40.0,-,109,40,-,-,-,0.2,-,1.9,0.2,-,-,-,1.0,-,0.6,1,-,-,-,1.2,-,2.5,1.2,-,-,-
2021,Vidzemes,town62,county47,2007,221.3,492.0,2.6,189.5,2,1,0,1,D,130.7,108.9,5.69,1,1,0,0,C,84,15,0,0,8,107,24.9,23.7,22.87,135.0,140.0,0,0.48,2.55,503.0,0.25,0.29,0.69,0.95,20.0,20,0.45,0.4,Wood/wood waste,-,Wood/wood waste,-,-,Electricity from the grid,-,15.6,-,15.6,-,-,109,-,1.1,-,1.1,-,-,1.9,-,0.0,-,0,-,-,0.6,-,1.1,-,1.1,-,-,2.5,-
2021,Latgales,town63,county48,1988,106.3,234.92,2.21,106.3,1,1,1,0,E,208.33,172.07,9.26,1,0,0,0,C,87,36,0,0,20,144,85.07,64.33,49.44,40.0,181.0,0,0.66,6.23,326.0,0.3,0.3,1.0,1.2,19.0,0,0.5,0.4,Solid biofuel,-,Solid biofuel,-,-,Electricity from the grid,-,40.0,-,40,-,-,109,-,0.2,-,0.2,-,-,1.9,-,1.0,-,1,-,-,0.6,-,1.2,-,1.2,-,-,2.5,-
2021,Latgales,town64,county49,1930,157.7,363.0,2.5,145.2,2,0,1,0,D,151.74,134.04,6.07,1,1,0,0,C,90,18,0,0,0,107,44.04,44.74,32.86,147.0,147.0,0,0.3,2.09,514.0,0.33,0.33,1.16,1.16,19.0,25,0.3,0.3,Wood/wood waste,-,Wood/wood waste,-,-,-,-,15.6,-,15.6,-,-,-,-,1.1,-,1.1,-,-,-,-,0.0,-,0,-,-,-,-,1.1,-,1.1,-,-,-,-
2021,Zemgales,town2,county2,2010,278.2,732.56,2.93,250.2,2,0,0,0,D,122.98,107.05,4.92,1,1,0,0,C,70,16,2,0,0,88,37.24,34.8,34.79,108.38,109.84,0,4.4,17.59,659.0,0.32,0.33,0.83,0.87,20.0,25,0.46,,Gas,-,Gas,-,Electricity from the grid,Electricity from the grid,-,202.0,-,202,-,109,109,-,1.1,-,1.1,-,1.9,1.9,-,0.0,-,0,-,1.6,1.6,-,1.1,-,1.1,-,2.5,2.5,-
2021,Kurzemes,town65,county25,1979,75.4,207.35,2.75,75.4,1,0,0,0,C,121.0,91.0,11.0,1,1,1,0,A,60,32,0,0,0,92,31.0,29.0,34.07,21.0,129.0,0,0.32,4.31,262.0,0.3,0.29,1.09,1.25,20.3,22.3,0.35,0.33,Solid biofuel,-,Solid biofuel,-,-,-,-,40.0,-,40,-,-,-,-,0.2,-,0.2,-,-,-,-,1.0,-,1,-,-,-,-,1.2,-,1.2,-,-,-,-
2021,Rīgas,town12,county12,2011,352.1,635.0,2.7,235.3,2,1,0,0,D,111.1,91.9,3.45,1,1,0,0,C,70,10,0,0,11,91,21.9,20.1,23.83,58.0,97.0,0,0.78,3.33,633.0,0.31,0.3,0.85,0.99,20.0,24,0.4,0.37,Electricity from the grid,"Aerothermal, geothermal, hydrothermal and marine energy, hydropower",Electricity from the grid,"Aerothermal, geothermal, hydrothermal and marine energy, hydropower",-,Electricity from the grid,-,109.0,0,109,0,-,109,-,1.9,0,1.9,0,-,1.9,-,0.6,1,0.6,1,-,0.6,-,2.5,1,2.5,1,-,2.5,-
2021,Vidzemes,town66,county32,1976,116.5,276.0,2.5,110.4,1,0,0,0,F,349.16,319.11,14.0,1,0,0,0,C,93,30,0,0,0,123,226.11,226.16,70.86,169.0,169.0,0,0.27,2.4,475.0,0.27,0.27,1.16,1.16,19.0,25,0.32,0.3,Wood/wood waste,-,Wood/wood waste,-,-,-,-,15.6,-,15.6,-,-,-,-,1.1,-,1.1,-,-,-,-,0.0,-,0,-,-,-,-,1.1,-,1.1,-,-,-,-
2021,Rīgas,town22,county13,1980,169.8,334.7,2.65,103.1,2,1,1,0,F,227.2,205.7,10.98,1,0,0,0,C,89,22,0,0,7,117,116.7,110.2,56.73,148.0,152.0,0,0.34,2.67,353.0,0.28,0.34,0.83,1.22,20.0,24,0.45,0.41,Wood/wood waste,-,Wood/wood waste,-,-,Electricity from the grid,-,15.6,-,15.6,-,-,109,-,1.1,-,1.1,-,-,1.9,-,0.0,-,0,-,-,0.6,-,1.1,-,1.1,-,-,2.5,-
2021,Kurzemes,town8,county8,1966,76.1,401.0,3.0,79.1,2,0,1,0,F,284.7,258.8,11.39,1,1,0,1,A,46,15,2,0,0,64,212.8,220.7,82.23,4.0,41.0,1,0.03,0.24,400.0,0.2,0.3,0.7,1.2,18.0,25,0.4,0.35,"Aerothermal, geothermal, hydrothermal and marine energy, hydropower",-,"Aerothermal, geothermal, hydrothermal and marine energy, hydropower",-,Electricity from the grid,-,-,0.0,-,0,-,109,-,-,0.0,-,0,-,1.9,-,-,1.0,-,1,-,0.6,-,-,1.0,-,1,-,2.5,-,-
2021,Kurzemes,town67,county39,1960,137.8,252.0,2.39,105.7,2,1,0,0,C,114.0,91.0,6.0,1,0,1,0,A,38,28,0,0,0,67,53.0,47.0,58.24,16.0,82.0,0,0.3,2.79,289.0,0.27,0.26,0.8,0.8,20.0,25,0.35,0.28,Solid biofuel,-,Electricity from the grid,Solid biofuel,-,-,-,40.0,-,109,40,-,-,-,0.2,-,1.9,0.2,-,-,-,1.0,-,0.6,1,-,-,-,1.2,-,2.5,1.2,-,-,-
2021,Kurzemes,town68,county20,1938,114.2,273.56,2.8,97.7,1,0,0,0,E,190.0,167.0,14.0,1,0,0,0,B,68,25,0,0,0,92,99.0,98.0,59.28,67.0,186.0,0,0.67,6.83,315.0,0.35,0.28,1.16,1.06,20.3,22.3,0.35,0.33,Solid biofuel,-,Electricity from the grid,-,-,-,-,40.0,-,109,-,-,-,-,0.2,-,1.9,-,-,-,-,1.0,-,0.6,-,-,-,-,1.2,-,2.5,-,-,-,-
2021,Kurzemes,town8,county8,1963,68.7,178.6,2.6,68.7,1,0,0,0,D,142.0,107.0,11.0,1,1,1,0,A,39,35,0,4,0,78,68.0,64.0,63.55,25.0,121.0,1,0.3,4.1,245.0,0.3,0.27,1.1,1.3,20.0,25,0.35,0.3,Wood/wood waste,-,Wood/wood waste,-,-,-,-,40.0,-,40,-,-,-,-,0.2,-,0.2,-,-,-,-,1.0,-,1,-,-,-,-,1.2,-,1.2,-,-,-,-
2021,Zemgales,town69,county14,1999,235.5,419.0,2.5,167.6,2,1,1,0,D,144.4,103.0,5.52,1,0,0,0,B,58,22,0,0,20,100,45.0,44.4,43.69,23.0,121.0,0,0.55,3.31,457.0,0.0,0.4,0.9,1.1,19.0,26,0.4,0.3,Solid biofuel,-,Photovoltaic cells,Solid biofuel,-,"Aerothermal, geothermal, hydrothermal and marine energy, hydropower",Electricity from the grid,40.0,-,0,40,-,0,109,0.2,-,0,0.2,-,0,1.9,1.0,-,1,1,-,1,0.6,1.2,-,1,1.2,-,1,2.5
2021,Zemgales,town70,county50,1985,163.32,293.92,2.7,106.61,1,1,0,0,E,180.56,159.09,36.47,1,1,0,0,C,95,21,0,0,0,116,64.03,64.48,40.25,178.76,178.76,0,2.55,23.45,356.0,0.36,0.32,1.16,1.03,20.0,25,0.29,,Gas,-,Gas,-,Electricity from the grid,Electricity from the grid,-,202.0,-,202,-,109,109,-,1.1,-,1.1,-,1.9,1.9,-,0.0,-,0,-,1.6,1.6,-,1.1,-,1.1,-,2.5,2.5,-
2021,Kurzemes,town71,county25,1935,145.9,334.62,2.6,128.7,2,0,0,1,F,203.0,179.7,9.76,1,0,0,0,C,70,19,0,0,6,96,109.7,107.0,61.05,134.0,138.0,0,0.31,2.43,395.0,0.25,0.27,0.82,1.04,20.0,24,0.36,0.32,Wood/wood waste,-,Wood/wood waste,-,-,Electricity from the grid,-,15.6,-,15.6,-,-,109,-,1.1,-,1.1,-,-,1.9,-,0.0,-,0,-,-,0.6,-,1.1,-,1.1,-,-,2.5,-
2021,Rīgas,town72,county27,2021,197.0,473.32,2.5,189.1,2,0,1,0,C,99.0,82.3,5.55,0,1,0,1,A,49,18,4,0,0,72,33.3,27.5,40.46,15.0,101.0,1,0.56,2.98,510.0,0.21,0.29,0.59,0.91,20.0,27,0.44,0.11,Solid biofuel,Saules enerģija,Solid biofuel,Saules enerģija,Saules enerģija,Saules enerģija,-,40.0,0,40,0,0,0,-,0.2,0,0.2,0,0,0,-,1.0,1,1,1,1,1,-,1.2,1,1.2,1,1,1,-
2021,Vidzemes,town73,county26,1920,148.7,348.72,2.4,145.3,2,0,0,1,D,144.8,122.9,6.9,1,0,0,0,C,78,20,0,0,2,100,44.9,44.8,36.53,123.0,124.0,0,0.28,1.9,488.0,0.19,0.25,0.67,1.06,20.0,24,0.4,0.33,Wood/wood waste,-,Wood/wood waste,-,-,Electricity from the grid,-,15.6,-,15.6,-,-,109,-,1.1,-,1.1,-,-,1.9,-,0.0,-,0,-,-,0.6,-,1.1,-,1.1,-,-,2.5,-
2021,Rīgas,town74,county51,1991,70.4,228.8,2.6,70.4,1,0,0,0,F,420.35,387.1,16.81,1,1,0,0,B,68,37,2,0,0,107,319.1,313.35,82.43,4.0,64.0,0,0.02,0.25,315.0,0.3,0.3,1.07,1.07,19.0,25,0.41,0.1,"Aerothermal, geothermal, hydrothermal and marine energy, hydropower",-,"Aerothermal, geothermal, hydrothermal and marine energy, hydropower",-,Electricity from the grid,-,-,0.0,-,0,-,109,-,-,0.0,-,0,-,1.9,-,-,1.0,-,1,-,0.6,-,-,1.0,-,1,-,2.5,-,-
2021,Kurzemes,town75,county25,1939,146.2,658.53,2.71,132.5,2,1,0,0,D,120.0,102.0,10.0,1,1,1,0,A,49,10,0,0,0,59,53.0,61.0,51.96,13.0,83.0,0,0.68,2.79,392.0,0.36,0.31,0.6,0.6,20.3,22.3,0.35,0.32,Solid biofuel,-,Solid biofuel,-,-,-,-,40.0,-,40,-,-,-,-,0.2,-,0.2,-,-,-,-,1.0,-,1,-,-,-,-,1.2,-,1.2,-,-,-,-
2021,Rīgas,town76,county41,2005,365.9,191.8,2.4,191.8,2,1,0,0,F,374.95,349.32,16.63,1,1,0,0,C,84,24,5,0,1,114,265.32,260.95,75.95,75.0,192.0,0,1.37,7.15,441.0,0.35,0.48,0.8,1.11,22.0,27,0.45,0.13,Electricity from the grid,Solid biofuel,Solid biofuel,-,Electricity from the grid,"Aerothermal, geothermal, hydrothermal and marine energy, hydropower",Electricity from the grid,109.0,40,109,-,109,0,109,1.9,0.2,1.9,-,1.9,0,1.9,0.6,1,0.6,-,0.6,1,0.6,2.5,1.2,2.5,-,2.5,1,2.5
2021,Rīgas,town22,county13,2000,373.7,930.5,2.6,357.9,3,0,1,0,D,112.2,86.6,0.14,0,1,0,0,C,62,9,0,0,21,92,24.6,20.1,28.41,2.0,39.0,0,0.05,0.14,,,,,,,,,,,,,,,,,,,,,,,,,,,,,,,,,,,,,,,,,,,,
2021,Zemgales,town77,county14,1995,482.6,1213.48,2.63,416.4,2,1,1,0,D,116.45,108.95,23.52,1,1,0,1,C,63,8,0,0,0,70,45.95,46.45,42.18,85.0,85.0,0,7.28,15.78,1029.0,0.46,0.46,1.02,1.02,19.0,25,0.2,0.15,Gas,-,Gas,-,-,-,-,202.0,-,202,-,-,-,-,1.1,-,1.1,-,-,-,-,0.0,-,0,-,-,-,-,1.1,-,1.1,-,-,-,-
2021,Rīgas,town3,county44,2020,194.8,418.3,2.8,149.4,1,0,0,0,C,104.2,82.7,21.07,0,1,0,0,B,51,22,0,0,0,73,31.8,31.7,38.45,83.0,85.0,0,2.16,14.45,,,,,,,,,,,,,,,,,,,,,,,,,,,,,,,,,,,,,,,,,,,,
2021,Rīgas,town78,county52,1985,153.9,232.4,2.35,98.9,2,1,0,1,D,146.5,113.0,66.84,1,0,0,0,C,84,27,0,0,7,118,29.1,28.7,25.75,33.0,162.0,0,0.53,5.4,,,,,,,,,,,,,,,,,,,,,,,,,,,,,,,,,,,,,,,,,,,,
2021,Vidzemes,town79,county53,1922,92.6,231.5,2.5,92.6,1,0,0,0,F,231.0,189.1,9.85,1,0,0,0,C,84,30,0,0,8,122,104.7,109.0,55.37,28.0,160.0,0,0.49,5.25,,,,,,,,,,,,,,,,,,,,,,,,,,,,,,,,,,,,,,,,,,,,
2021,Kurzemes,town8,county8,1959,85.5,222.3,2.6,85.5,1,0,0,0,D,142.0,129.0,12.0,1,1,1,0,C,81,13,0,0,0,94,48.0,48.0,37.21,22.0,132.0,0,0.38,4.4,269.0,0.43,0.3,1.4,1.16,20.4,22.4,0.35,0.31,Solid biofuel,-,Solid biofuel,-,-,-,-,40.0,-,40,-,-,-,-,0.2,-,0.2,-,-,-,-,1.0,-,1,-,-,-,-,1.2,-,1.2,-,-,-,-
2021,Rīgas,town28,county18,2007,195.8,573.0,3.0,191.3,2,0,1,0,B,103.01,62.02,5.05,0,1,0,0,A,41,26,3,0,8,77,21.02,26.01,33.89,146.0,192.0,0,1.61,8.4,443.0,0.29,0.34,0.68,0.8,20.0,27,0.5,0.51,Electricity from the grid,-,Electricity from the grid,-,Electricity from the grid,Electricity from the grid,-,109.0,-,109,-,109,109,-,1.9,-,1.9,-,1.9,1.9,-,0.6,-,0.6,-,0.6,0.6,-,2.5,-,2.5,-,2.5,2.5,-
2021,Vidzemes,town48,county36,1961,177.1,344.8,2.3,149.9,2,1,0,1,D,118.1,107.1,5.87,1,1,0,0,C,73,11,0,0,6,90,34.2,27.8,31.93,31.0,133.0,0,0.67,4.48,,,,,,,,,,,,,,,,,,,,,,,,,,,,,,,,,,,,,,,,,,,,
2021,Vidzemes,town80,county53,1936,205.9,494.16,2.4,205.9,2,0,0,1,E,173.9,148.8,7.0,1,0,0,0,C,87,12,0,0,8,107,61.8,66.9,41.53,136.0,141.0,0,0.54,2.6,486.0,0.31,0.37,0.76,1.07,20.0,20,0.4,0.33,Wood/wood waste,-,Wood/wood waste,-,-,Electricity from the grid,-,15.6,-,15.6,-,-,109,-,1.1,-,1.1,-,-,1.9,-,0.0,-,0,-,-,0.6,-,1.1,-,1.1,-,-,2.5,-
2021,Rīgas,town81,county11,1966,113.34,263.95,2.4,109.98,1,0,0,0,E,204.7,167.4,8.48,1,0,0,0,C,76,23,0,0,10,109,91.4,95.7,54.6,139.0,145.0,0,0.31,2.78,387.0,0.23,0.27,0.88,1.24,20.0,24,0.4,0.33,Wood/wood waste,-,Wood/wood waste,-,-,Electricity from the grid,-,15.6,-,15.6,-,-,109,-,1.1,-,1.1,-,-,1.9,-,0.0,-,0,-,-,0.6,-,1.1,-,1.1,-,-,2.5,-
2021,Rīgas,town12,county12,1969,131.2,300.9,2.45,122.8,2,0,0,1,C,121.3,82.4,20.96,0,1,0,0,B,58,26,0,0,17,101,24.6,20.6,29.85,94.0,112.0,0,2.08,16.9,,,,,,,,,,,,,,,,,,,,,,,,,,,,,,,,,,,,,,,,,,,,
2021,Kurzemes,town52,county39,2019,131.7,342.4,2.6,131.7,1,0,0,0,C,106.0,88.0,6.0,1,0,0,0,B,62,18,0,2,0,82,26.0,24.0,29.55,30.0,14.0,0,0.6,4.4,408.0,0.31,0.23,0.97,1.0,20.0,24,0.35,0.31,Wood/wood waste,-,Saules siltums,Electricity from the grid,-,-,-,40.0,-,0,109,-,-,-,0.2,-,0,1.9,-,-,-,1.0,-,1,0.6,-,-,-,1.2,-,1,2.5,-,-,-
2021,Rīgas,town46,county51,1999,314.7,724.0,2.53,286.4,3,1,1,0,F,194.8,153.0,9.04,1,1,0,0,C,70,22,4,0,20,115,83.0,79.8,54.25,72.0,146.0,0,4.39,15.32,755.0,0.39,0.39,1.03,1.03,18.0,26,0.4,0.21,Solid biofuel,Coal (anthracite),"Aerothermal, geothermal, hydrothermal and marine energy, hydropower",Electricity from the grid,Electricity from the grid,"Aerothermal, geothermal, hydrothermal and marine energy, hydropower",Electricity from the grid,40.0,354,0,109,109,0,109,0.2,1.1,0,1.9,1.9,0,1.9,1.0,0,1,0.6,0.6,1,0.6,1.2,1.1,1,2.5,2.5,1,2.5
2021,Zemgales,town82,county37,1997,206.9,424.3,2.5,169.7,2,0,0,0,D,140.7,101.2,6.78,1,1,0,0,C,73,25,0,0,15,113,28.0,27.5,27.67,23.0,140.0,0,0.75,4.43,,,,,,,,,,,,,,,,,,,,,,,,,,,,,,,,,,,,,,,,,,,,
2021,Zemgales,town83,county14,2014,179.6,457.98,2.55,179.6,2,0,1,0,D,128.5,95.5,5.72,1,0,0,0,C,75,26,0,0,8,108,20.5,20.5,21.47,137.0,141.0,0,0.46,2.57,476.0,0.28,0.31,0.78,1.07,20.0,24,0.36,0.31,Wood/wood waste,-,Wood/wood waste,-,-,Electricity from the grid,-,15.6,-,15.6,-,-,109,-,1.1,-,1.1,-,-,1.9,-,0.0,-,0,-,-,0.6,-,1.1,-,1.1,-,-,2.5,-
2021,Zemgales,town84,county50,1925,154.2,416.0,2.7,154.2,1,0,0,0,E,192.06,171.07,7.68,1,1,0,0,C,90,27,0,0,0,117,81.07,75.06,47.39,143.0,128.0,0,4.05,26.29,453.0,0.36,0.27,1.05,0.8,19.0,25,0.35,0.3,Gas,-,Gas,-,-,-,-,202.0,-,202,-,-,-,-,1.1,-,1.1,-,-,-,-,0.0,-,0,-,-,-,-,1.1,-,1.1,-,-,-,-
2021,Rīgas,town3,county44,2008,250.1,445.28,2.52,176.7,2,1,0,0,C,91.0,78.0,0.0,1,1,0,0,B,53,13,0,2,0,68,25.0,23.0,32.05,3.0,70.0,0,0.03,0.2,367.0,0.34,0.32,0.71,0.75,20.0,24,0.35,0.3,Ģeotermālā enerģija,-,Ģeotermālā enerģija,-,-,-,-,0.0,-,0,-,-,-,-,0.0,-,0,-,-,-,-,1.0,-,1,-,-,-,-,1.0,-,1,-,-,-,-
2021,Rīgas,town85,county43,1975,164.28,306.75,2.78,110.34,2,1,0,0,E,180.29,162.05,7.21,1,0,0,0,C,87,18,0,0,0,105,75.05,75.29,46.31,21.0,126.0,0,0.46,4.21,340.0,0.31,0.31,0.97,0.95,20.0,27,0.5,0.47,Solid biofuel,-,Solid biofuel,-,-,-,-,40.0,-,40,-,-,-,-,0.2,-,0.2,-,-,-,-,1.0,-,1,-,-,-,-,1.2,-,1.2,-,-,-,-
2021,Rīgas,town12,county54,1999,159.8,309.2,2.7,114.5,2,0,0,1,C,119.1,83.5,22.48,0,1,0,0,A,55,30,0,0,8,94,28.4,25.6,34.01,93.0,102.0,0,1.92,16.74,,,,,,,,,,,,,,,,,,,,,,,,,,,,,,,,,,,,,,,,,,,,
2021,Vidzemes,town86,county53,1983,120.0,288.0,2.4,120.0,2,0,0,1,E,194.3,165.0,9.66,1,1,0,0,C,90,20,0,0,9,118,75.0,76.3,45.45,158.0,163.0,0,0.35,2.95,277.0,0.37,0.28,0.93,0.96,20.0,20,0.4,0.33,Wood/wood waste,-,Wood/wood waste,-,-,Electricity from the grid,-,15.6,-,15.6,-,-,109,-,1.1,-,1.1,-,-,1.9,-,0.0,-,0,-,-,0.6,-,1.1,-,1.1,-,-,2.5,-
2021,Zemgales,town87,county14,1993,69.4,218.64,2.37,61.6,2,0,1,0,F,295.2,266.5,16.46,1,1,0,0,B,74,26,4,0,0,108,193.0,187.4,72.42,56.0,165.0,0,0.55,5.98,284.0,0.27,0.28,0.91,1.16,20.0,27,0.45,0.11,Solid biofuel,Electricity from the grid,Solid biofuel,Electricity from the grid,Electricity from the grid,Electricity from the grid,-,40.0,109,40,109,109,109,-,0.2,1.9,0.2,1.9,1.9,1.9,-,1.0,0.6,1,0.6,0.6,0.6,-,1.2,2.5,1.2,2.5,2.5,2.5,-
2021,Kurzemes,town88,county55,1979,142.1,238.25,2.54,93.8,1,1,0,0,D,179.0,148.0,8.2,1,0,0,0,B,62,31,0,0,0,93,86.0,86.0,58.11,34.0,139.0,0,0.45,4.83,306.0,0.27,0.29,0.92,1.11,19.7,22.9,0.34,0.29,Solid biofuel,-,Electricity from the grid,Solid biofuel,-,-,-,40.0,-,109,40,-,-,-,0.2,-,1.9,0.2,-,-,-,1.0,-,0.6,1,-,-,-,1.2,-,2.5,1.2,-,-,-
2021,Vidzemes,town89,county31,2007,174.0,396.0,2.72,145.6,2,0,1,0,D,135.29,114.11,5.41,1,0,0,0,C,86,27,0,0,0,113,28.11,22.29,24.63,155.0,155.0,0,0.32,2.21,427.0,0.32,0.32,0.92,0.92,19.0,25,0.44,0.3,Wood/wood waste,-,Wood/wood waste,-,-,-,-,15.6,-,15.6,-,-,-,-,1.1,-,1.1,-,-,-,-,0.0,-,0,-,-,-,-,1.1,-,1.1,-,-,-,-
2021,Kurzemes,town67,county39,1995,167.4,279.0,2.6,107.5,2,1,0,0,F,215.8,185.8,45.89,1,0,0,0,C,88,30,0,0,20,138,97.8,77.8,52.64,174.0,186.0,0,2.93,27.26,343.0,0.23,0.28,0.99,1.24,18.0,0,0.45,0.39,Gas,-,Gas,-,-,Electricity from the grid,-,202.0,-,202,-,-,109,-,1.1,-,1.1,-,-,1.9,-,0.0,-,0,-,-,0.6,-,1.1,-,1.1,-,-,2.5,-
2021,Vidzemes,town90,county31,1933,139.8,306.74,2.45,133.6,1,1,0,0,F,179.5,157.5,40.59,1,1,0,0,C,85,25,3,0,0,114,72.5,65.5,46.03,143.0,147.0,0,3.11,24.84,452.0,0.24,0.25,0.94,1.14,20.0,27,0.48,0.11,Electricity from the grid,Gas,Electricity from the grid,Gas,Electricity from the grid,-,-,109.0,202,109,202,109,-,-,1.9,1.1,1.9,1.1,1.9,-,-,0.6,0,0.6,0,0.6,-,-,2.5,1.1,2.5,1.1,2.5,-,-
2021,Vidzemes,town91,county56,1999,78.0,296.75,2.5,69.6,1,0,0,0,F,410.44,394.89,16.42,1,1,0,1,A,59,28,3,0,0,89,335.89,321.44,85.06,4.0,54.0,1,0.03,0.28,351.0,0.2,0.3,0.7,0.8,20.0,25,0.4,0.07,"Aerothermal, geothermal, hydrothermal and marine energy, hydropower",-,"Aerothermal, geothermal, hydrothermal and marine energy, hydropower",-,Electricity from the grid,-,-,0.0,-,0,-,109,-,-,0.0,-,0,-,1.9,-,-,1.0,-,1,-,0.6,-,-,1.0,-,1,-,2.5,-,-
2021,Kurzemes,town92,county20,1990,123.1,287.25,2.5,114.9,2,0,0,0,D,162.0,141.0,8.0,1,0,0,0,B,68,19,0,0,0,87,73.0,75.0,51.77,21.0,123.0,0,0.48,4.15,282.0,0.34,0.3,0.86,0.88,20.5,22.7,0.35,0.3,Solid biofuel,-,Electricity from the grid,Solid biofuel,-,-,-,40.0,-,109,40,-,-,-,0.2,-,1.9,0.2,-,-,-,1.0,-,0.6,1,-,-,-,1.2,-,2.5,1.2,-,-,-
2021,Kurzemes,town93,county8,1960,65.3,263.17,2.56,65.3,2,0,0,0,D,181.0,147.0,13.0,1,0,0,0,B,75,23,0,0,0,98,72.0,83.0,48.98,67.0,196.0,0,0.74,7.15,271.0,0.41,0.3,1.12,0.97,20.5,21.3,0.35,0.3,Solid biofuel,-,Electricity from the grid,-,-,-,-,40.0,-,109,-,-,-,-,0.2,-,1.9,-,-,-,-,1.0,-,0.6,-,-,-,-,1.2,-,2.5,-,-,-,-
2021,Zemgales,town94,county57,2002,280.63,589.0,2.76,213.5,2,1,0,0,D,136.82,122.46,5.47,1,1,0,1,C,90,14,0,0,0,104,32.46,32.82,26.51,143.0,143.0,0,0.43,2.03,430.0,0.57,0.57,1.14,1.14,19.0,25,0.38,0.3,Wood/wood waste,-,Wood/wood waste,-,-,-,-,15.6,-,15.6,-,-,-,-,1.1,-,1.1,-,-,-,-,0.0,-,0,-,-,-,-,1.1,-,1.1,-,-,-,-
2021,Rīgas,town95,county27,1928,91.7,242.6,2.75,88.2,1,0,0,0,D,170.0,142.0,11.0,1,1,1,0,C,87,28,0,3,0,118,55.0,52.0,38.73,1.0,13.0,0,0.08,1.0,303.0,0.4,0.21,1.38,1.18,20.0,24,0.35,0.33,Vides enerģija,-,Vides enerģija,Electricity from the grid,-,-,-,0.0,-,0,109,-,-,-,0.0,-,0,1.9,-,-,-,1.0,-,1,0.6,-,-,-,1.0,-,1,2.5,-,-,-
2021,Rīgas,town96,county44,2016,166.1,336.8,2.5,134.7,2,0,0,1,C,111.8,76.2,4.59,0,1,0,1,B,54,22,0,0,17,92,22.4,19.5,29.3,23.0,114.0,0,0.49,3.62,,,,,,,,,,,,,,,,,,,,,,,,,,,,,,,,,,,,,,,,,,,,
2021,Rīgas,town76,county41,1960,109.94,331.78,2.42,115.04,2,0,1,0,F,313.44,286.08,12.54,1,1,0,0,B,65,25,0,0,0,90,221.08,223.44,77.28,22.0,134.0,0,0.62,4.49,448.0,0.22,0.27,0.73,0.9,19.0,25,0.37,0.3,Solid biofuel,-,Solid biofuel,-,-,-,-,40.0,-,40,-,-,-,-,0.2,-,0.2,-,-,-,-,1.0,-,1,-,-,-,-,1.2,-,1.2,-,-,-,-
2021,Zemgales,town51,county38,1994,223.7,285.84,2.4,119.1,1,1,1,0,E,184.3,155.1,37.23,1,1,0,0,C,72,29,0,0,0,101,83.13,83.1,53.6,,120.0,0,2.65,21.98,316.0,0.29,0.28,0.8,1.07,21.0,-,0.4,0.32,Gas,-,Gas,-,-,-,-,202.0,-,202,-,-,-,-,1.1,-,1.1,-,-,-,-,0.0,-,0,-,-,-,-,1.1,-,1.1,-,-,-,-
2021,Rīgas,town97,county51,2007,171.8,368.0,2.5,147.4,1,0,0,0,E,170.98,152.92,0.0,1,0,0,0,C,82,26,0,0,0,109,70.92,61.98,46.38,0.0,63.0,0,0.0,0.0,577.0,0.36,0.36,1.38,1.38,20.0,25,0.3,0.3,"Aerothermal, geothermal, hydrothermal and marine energy, hydropower",-,"Aerothermal, geothermal, hydrothermal and marine energy, hydropower",-,-,-,-,0.0,-,0,-,-,-,-,0.0,-,0,-,-,-,-,1.0,-,1,-,-,-,-,1.0,-,1,-,-,-,-
2021,Rīgas,town98,county58,1997,94.5,211.25,2.5,84.5,2,1,0,0,D,165.9,110.1,6.78,1,1,0,0,C,81,30,0,0,25,136,29.1,29.9,26.43,183.0,198.0,0,0.4,4.68,295.0,0.29,0.28,1.05,1.23,20.0,20,0.45,0.38,Wood/wood waste,-,Wood/wood waste,-,-,Electricity from the grid,-,15.6,-,15.6,-,-,109,-,1.1,-,1.1,-,-,1.9,-,0.0,-,0,-,-,0.6,-,1.1,-,1.1,-,-,2.5,-
2021,Zemgales,town2,county2,2004,140.5,324.0,2.5,129.6,2,0,0,1,D,130.4,96.9,5.57,1,0,0,0,C,72,22,0,0,12,105,25.3,25.2,26.11,27.0,137.0,0,0.58,4.44,,,,,,,,,,,,,,,,,,,,,,,,,,,,,,,,,,,,,,,,,,,,
2021,Zemgales,town99,county59,1986,118.1,271.6,2.3,118.1,2,0,0,1,D,169.7,139.7,7.66,1,0,0,0,C,84,24,0,0,6,114,55.5,56.0,39.73,27.0,156.0,0,0.6,5.07,,,,,,,,,,,,,,,,,,,,,,,,,,,,,,,,,,,,,,,,,,,,
2021,Rīga,town22,county13,1963,210.1,497.3,2.8,177.6,2,1,0,0,E,160.8,139.3,32.58,1,0,0,0,C,78,22,0,0,0,99,61.4,61.4,44.08,126.0,129.0,0,3.89,21.91,,,,,,,,,,,,,,,,,,,,,,,,,,,,,,,,,,,,,,,,,,,,
2021,Rīgas,town100,county60,1983,131.1,235.67,2.57,91.7,1,1,0,0,F,493.9,464.3,25.33,1,1,0,0,C,90,31,4,0,0,125,374.3,368.9,80.62,62.0,206.0,0,0.68,7.37,374.0,0.23,0.25,1.05,1.39,20.0,25,0.48,0.09,Electricity from the grid,Solid biofuel,Electricity from the grid,Solid biofuel,Electricity from the grid,-,-,109.0,40,109,40,109,-,-,1.9,0.2,1.9,0.2,1.9,-,-,0.6,1,0.6,1,0.6,-,-,2.5,1.2,2.5,1.2,2.5,-,-
2021,Latgales,town101,county61,1955,135.62,337.53,2.6,129.82,2,1,0,1,E,168.3,134.6,7.52,1,1,0,0,C,86,26,0,0,7,165,48.6,3.3,36.11,165.0,169.0,0,0.38,2.9,360.0,0.3,0.28,0.9,1.03,19.0,24,0.4,0.35,Wood/wood waste,-,Wood/wood waste,-,-,Electricity from the grid,-,15.6,-,15.6,-,-,109,-,1.1,-,1.1,-,-,1.9,-,0.0,-,0,-,-,0.6,-,1.1,-,1.1,-,-,2.5,-
2021,Latgales,town102,county49,1936,103.7,241.68,2.65,91.2,1,0,0,0,F,252.1,196.2,13.94,1,0,0,0,C,78,56,0,0,0,134,118.12,118.12,60.2,132.0,296.0,0,1.03,11.3,343.0,0.22,0.27,0.95,1.38,20.0,-,0.4,0.36,Wood stove,-,Electricity from the grid,-,-,-,-,40.0,-,109,-,-,-,-,0.2,-,1.9,-,-,-,-,1.0,-,0.6,-,-,-,-,1.2,-,2.5,-,-,-,-
2021,Kurzemes,town52,county39,1963,57.3,139.75,2.5,55.9,1,0,0,0,D,204.0,146.0,13.0,1,0,0,0,B,72,58,0,0,0,130,74.0,74.0,50.68,39.0,239.0,0,0.45,7.99,199.0,0.37,0.26,1.33,1.13,20.3,22.3,0.35,0.3,Solid biofuel,-,Solid biofuel,-,-,-,-,40.0,-,40,-,-,-,-,0.2,-,0.2,-,-,-,-,1.0,-,1,-,-,-,-,1.2,-,1.2,-,-,-,-
2021,Zemgales,town70,county50,2007,134.0,361.8,2.7,134.0,2,0,1,0,E,145.87,125.03,29.47,1,1,0,0,C,94,21,0,0,0,73,31.03,72.87,24.82,114.0,114.0,0,2.83,21.1,337.0,0.37,0.37,0.93,0.93,19.0,25,0.41,0.35,Gas,-,Gas,-,-,-,-,202.0,-,202,-,-,-,-,1.1,-,1.1,-,-,-,-,0.0,-,0,-,-,-,-,1.1,-,1.1,-,-,-,-
2021,Rīgas,town103,county27,1995,249.2,359.55,2.25,159.8,2,1,0,0,C,91.0,76.0,4.0,1,1,0,0,A,44,15,0,0,0,59,32.0,32.0,42.11,16.0,81.0,0,0.38,2.4,346.0,0.32,0.32,0.7,0.79,20.5,21.3,0.35,0.27,Solid biofuel,-,Termālā enerģija,Electricity from the grid,-,-,-,40.0,-,0,109,-,-,-,0.2,-,0,1.9,-,-,-,1.0,-,1,0.6,-,-,-,1.2,-,1,2.5,-,-,-
2021,Vidzemes,town104,county62,1987,196.6,390.3,2.3,169.7,2,1,0,1,D,143.3,112.6,6.55,1,0,0,0,C,90,19,0,0,12,120,23.0,23.0,20.43,26.0,152.0,0,0.83,4.89,,,,,,,,,,,,,,,,,,,,,,,,,,,,,,,,,,,,,,,,,,,,
2021,Zemgales,town105,county63,1988,126.0,326.0,2.5,130.5,2,0,1,0,E,150.2,132.33,6.01,1,1,0,0,C,89,18,0,0,0,107,43.33,43.2,32.74,147.0,147.0,0,0.27,2.09,362.0,0.48,0.48,1.34,1.34,19.0,25,0.35,0.3,Wood/wood waste,-,Wood/wood waste,-,-,-,-,15.6,-,15.6,-,-,-,-,1.1,-,1.1,-,-,-,-,0.0,-,0,-,-,-,-,1.1,-,1.1,-,-,-,-
2021,Vidzemes,town106,county64,1930,116.0,287.0,2.9,99.0,1,1,0,0,D,174.0,149.0,13.0,1,1,1,0,C,83,31,0,0,0,114,66.0,60.0,44.3,26.0,139.0,0,0.47,4.71,294.0,0.39,0.26,1.16,0.83,20.0,24,0.35,0.35,Solid biofuel,-,Electricity from the grid,Solid biofuel,-,-,-,40.0,-,109,40,-,-,-,0.2,-,1.9,0.2,-,-,-,1.0,-,0.6,1,-,-,-,1.2,-,2.5,1.2,-,-,-
2021,Zemgales,town107,county14,1959,102.0,255.0,2.5,102.0,2,0,1,0,D,156.1,125.7,6.82,1,1,0,0,C,81,25,0,0,6,113,44.7,43.1,35.56,141.0,144.0,0,0.25,2.46,332.0,0.29,0.28,1.04,1.26,20.0,24,0.4,0.34,Wood/wood waste,-,Wood/wood waste,-,-,Electricity from the grid,-,15.6,-,15.6,-,-,109,-,1.1,-,1.1,-,-,1.9,-,0.0,-,0,-,-,0.6,-,1.1,-,1.1,-,-,2.5,-
2021,Vidzemes,town50,county26,1983,66.29,149.59,2.4,62.33,2,1,0,0,D,192.3,146.6,36.91,1,0,0,0,C,79,36,0,0,13,128,67.6,64.3,46.11,151.0,159.0,0,1.54,24.64,262.0,0.21,0.27,0.97,1.52,20.0,24,0.4,0.33,Gas,-,Gas,-,-,Electricity from the grid,-,202.0,-,202,-,-,109,-,1.1,-,1.1,-,-,1.9,-,0.0,-,0,-,-,0.6,-,1.1,-,1.1,-,-,2.5,-
2021,Rīgas,town12,county12,1994,195.5,424.3,2.5,169.7,2,1,0,0,F,201.6,156.9,36.44,1,1,0,0,C,90,20,0,0,27,137,67.3,65.1,42.89,122.0,135.0,0,3.76,22.17,,,,,,,,,,,,,,,,,,,,,,,,,,,,,,,,,,,,,,,,,,,,
2021,Zemgales,town2,county2,1997,258.6,569.0,2.4,237.1,2,0,0,0,D,132.1,123.6,5.9,1,1,0,0,B,64,15,5,0,9,93,59.6,39.1,48.22,53.0,70.0,0,0.73,3.09,649.0,0.42,0.29,1.16,0.79,20.0,25,0.7,0.57,Electricity from the grid,-,Electricity from the grid,-,Electricity from the grid,Electricity from the grid,-,109.0,-,109,-,109,109,-,1.9,-,1.9,-,1.9,1.9,-,0.6,-,0.6,-,0.6,0.6,-,2.5,-,2.5,-,2.5,2.5,-
2021,Vidzemes,town108,county31,1950,93.2,233.0,2.5,93.2,1,0,0,0,F,206.91,193.16,8.23,1,0,0,0,C,95,14,0,0,0,109,98.16,97.91,50.82,27.0,163.0,0,0.51,5.43,366.0,0.38,0.38,1.48,1.48,19.0,25,0.36,0.3,Solid biofuel,-,Solid biofuel,-,-,-,-,40.0,-,40,-,-,-,-,0.2,-,0.2,-,-,-,-,1.0,-,1,-,-,-,-,1.2,-,1.2,-,-,-,-
2021,Rīgas,town109,county4,2014,303.29,598.8,3.0,199.6,2,1,0,0,D,136.14,116.29,5.45,1,0,1,1,C,90,20,0,0,0,110,26.29,26.14,22.61,27.0,164.0,0,1.09,5.48,548.0,0.41,0.41,1.13,1.13,20.0,25,0.35,0.3,Solid biofuel,-,Solid biofuel,-,-,-,-,40.0,-,40,-,-,-,-,0.2,-,0.2,-,-,-,-,1.0,-,1,-,-,-,-,1.2,-,1.2,-,-,-,-
2021,Vidzemes,town48,county36,1998,366.4,727.0,2.4,302.9,3,1,0,0,E,156.4,134.9,7.97,1,1,0,0,C,78,22,0,0,0,100,57.0,56.9,42.25,30.0,152.0,0,1.56,5.15,,,,,,,,,,,,,,,,,,,,,,,,,,,,,,,,,,,,,,,,,,,,
2021,Zemgales,town110,county37,1999,102.4,284.96,2.6,109.6,2,0,1,0,D,157.92,136.82,6.32,1,1,0,0,C,93,21,0,0,0,114,43.82,43.92,32.03,0.0,66.0,0,0.0,0.0,351.0,0.35,0.35,1.1,1.1,20.0,25,0.3,0.3,"Aerothermal, geothermal, hydrothermal and marine energy, hydropower",-,"Aerothermal, geothermal, hydrothermal and marine energy, hydropower",-,-,-,-,0.0,-,0,-,-,-,-,0.0,-,0,-,-,-,-,1.0,-,1,-,-,-,-,1.0,-,1,-,-,-,-
2021,Zemgales,town2,county2,2017,233.7,584.0,2.6,224.75,2,0,0,0,D,123.32,106.02,4.93,1,1,0,0,C,80,17,2,0,0,99,26.02,24.32,24.54,6.0,104.0,0,0.09,0.4,711.0,0.33,0.33,1.05,1.3,19.0,25,0.41,0.12,Electricity from the grid,"Aerothermal, geothermal, hydrothermal and marine energy, hydropower","Aerothermal, geothermal, hydrothermal and marine energy, hydropower",-,Electricity from the grid,-,-,109.0,0,0,-,109,-,-,1.9,0,0,-,1.9,-,-,0.6,1,1,-,0.6,-,-,2.5,1,1,-,2.5,-,-
2021,Kurzemes,town111,county39,1936,71.9,150.0,2.35,64.1,1,0,0,0,C,132.0,94.0,11.0,1,1,1,0,A,47,31,0,0,0,78,47.0,54.0,50.0,84.0,85.0,0,386.15,0.2,206.0,0.34,0.27,1.11,1.24,20.0,24,0.35,0.28,Gas,-,Gas,-,Elektroenerģija ar ēku energoefektivitāti (ĒEE) nesaistītai lietošanai,-,-,202.0,-,202,-,109,-,-,1.1,-,1.1,-,1.9,-,-,0.0,-,0,-,0.6,-,-,1.1,-,1.1,-,2.5,-,-
2021,Kurzemes,town112,county29,1929,114.5,511.0,2.37,114.5,1,0,1,0,F,320.0,286.9,8.19,1,1,0,0,C,87,23,0,0,0,110,199.9,210.0,69.68,41.0,142.0,0,0.51,2.35,622.0,0.35,0.27,0.85,1.11,20.0,0,0.5,0.4,"Aerothermal, geothermal, hydrothermal and marine energy, hydropower",Electricity from the grid,"Aerothermal, geothermal, hydrothermal and marine energy, hydropower",Electricity from the grid,-,-,-,0.0,109,0,109,-,-,-,0.0,1.9,0,1.9,-,-,-,1.0,0.6,1,0.6,-,-,-,1.0,2.5,1,2.5,-,-,-
2021,Zemgales,town2,county2,1978,248.36,745.0,3.0,198.36,3,0,0,1,D,131.77,108.39,5.27,1,1,0,0,C,68,23,0,0,0,92,40.39,39.77,37.26,100.0,100.0,0,0.35,1.43,628.0,0.34,0.3,0.85,0.76,19.0,25,0.4,0.3,Wood/wood waste,-,Wood/wood waste,-,-,-,-,15.6,-,15.6,-,-,-,-,1.1,-,1.1,-,-,-,-,0.0,-,0,-,-,-,-,1.1,-,1.1,-,-,-,-
2021,Rīgas,town113,county3,1985,162.1,362.9,2.3,157.8,2,1,0,1,F,191.0,159.6,8.67,1,0,0,0,C,86,21,0,0,10,116,74.1,75.1,46.43,26.0,150.0,0,0.76,4.84,,,,,,,,,,,,,,,,,,,,,,,,,,,,,,,,,,,,,,,,,,,,
2021,Kurzemes,town114,county65,1956,143.9,321.0,2.58,124.6,2,1,0,0,C,92.0,72.0,8.6,1,0,0,0,A,40,20,0,0,0,60,32.0,32.0,44.44,18.0,110.0,0,0.46,3.69,317.0,0.26,0.28,0.68,0.87,20.0,21,0.35,0.31,Solid biofuel,-,Solid biofuel,-,-,-,-,40.0,-,40,-,-,-,-,0.2,-,0.2,-,-,-,-,1.0,-,1,-,-,-,-,1.2,-,1.2,-,-,-,-
2021,Kurzemes,town115,county39,1970,75.7,157.3,2.55,61.7,1,0,0,0,D,169.0,130.0,13.0,1,1,0,0,B,70,39,0,4,0,113,60.0,56.0,46.15,82.0,17.0,0,0.3,4.7,228.0,0.33,0.26,1.25,1.34,20.0,24,0.35,0.3,Vides enerģija,-,Electricity from the grid,-,-,-,-,0.0,-,109,-,-,-,-,0.0,-,1.9,-,-,-,-,1.0,-,0.6,-,-,-,-,1.0,-,2.5,-,-,-,-
2021,Vidzemes,town116,county31,1932,129.1,296.93,2.3,129.1,2,0,0,1,D,156.6,126.9,6.8,1,0,0,0,C,88,19,0,0,11,118,38.9,38.6,30.65,141.0,145.0,0,0.32,2.46,425.0,0.2,0.3,0.8,1.1,20.0,20,0.5,0.4,Wood/wood waste,-,Wood/wood waste,-,-,Electricity from the grid,-,15.6,-,15.6,-,-,109,-,1.1,-,1.1,-,-,1.9,-,0.0,-,0,-,-,0.6,-,1.1,-,1.1,-,-,2.5,-
2021,Zemgales,town117,county63,1990,117.1,304.0,2.6,117.1,2,0,1,0,E,201.89,174.7,8.08,1,1,0,0,C,94,27,0,0,0,122,80.7,79.89,46.19,133.0,133.0,0,0.22,1.9,385.0,0.55,0.3,1.8,1.0,18.0,25,0.3,0.3,Wood/wood waste,-,Wood/wood waste,-,-,-,-,15.6,-,15.6,-,-,-,-,1.1,-,1.1,-,-,-,-,0.0,-,0,-,-,-,-,1.1,-,1.1,-,-,-,-
2021,Rīgas,town118,county66,1987,91.4,269.0,2.95,91.4,1,0,0,0,F,333.4,319.9,17.47,1,1,0,0,C,87,30,4,0,0,121,232.9,212.4,72.8,62.0,170.0,0,0.33,3.6,359.0,0.22,0.25,0.97,1.29,20.0,25,0.44,0.12,Electricity from the grid,"Aerothermal, geothermal, hydrothermal and marine energy, hydropower",Electricity from the grid,"Aerothermal, geothermal, hydrothermal and marine energy, hydropower",Electricity from the grid,-,-,109.0,0,109,0,109,-,-,1.9,0,1.9,0,1.9,-,-,0.6,1,0.6,1,0.6,-,-,2.5,1,2.5,1,2.5,-,-
2021,Vidzemes,town119,county32,1980,113.9,217.0,2.36,92.3,2,0,0,0,D,134.0,108.0,9.0,1,0,0,0,B,72,26,0,0,0,98,36.0,36.0,33.33,71.0,197.0,0,0.67,7.23,215.0,0.4,0.28,0.96,0.79,20.0,21,0.35,0.29,Solid biofuel,-,Electricity from the grid,-,-,-,-,40.0,-,109,-,-,-,-,0.2,-,1.9,-,-,-,-,1.0,-,0.6,-,-,-,-,1.2,-,2.5,-,-,-,-
2021,Latgales,town59,county45,2005,208.4,547.0,2.7,202.6,2,0,0,0,C,110.0,85.0,20.0,1,1,0,0,B,59,12,0,1,0,72,26.0,38.0,30.59,20.0,10.0,0,0.7,3.7,471.0,0.39,0.27,0.99,0.91,20.0,24,0.35,0.32,Wood/wood waste,-,Wood/wood waste,-,-,-,-,40.0,-,40,-,-,-,-,0.2,-,0.2,-,-,-,-,1.0,-,1,-,-,-,-,1.2,-,1.2,-,-,-,-
2021,Rīgas,town120,county67,2009,255.9,593.0,2.32,255.9,2,0,0,1,E,122.42,101.44,5.76,0,1,0,0,C,77,21,2,0,0,100,24.44,22.42,24.09,23.0,122.0,0,1.05,4.12,695.0,0.34,0.29,1.0,1.07,20.0,0,0.47,0.32,Solid biofuel,-,Solid biofuel,-,Electricity from the grid,-,-,40.0,-,40,-,109,-,-,0.2,-,0.2,-,1.9,-,-,1.0,-,1,-,0.6,-,-,1.2,-,1.2,-,2.5,-,-
2021,Rīgas,town103,county68,1982,194.6,252.0,2.5,101.1,1,1,0,0,F,313.3,284.4,16.7,1,1,0,0,C,93,30,4,0,0,127,191.4,186.3,67.3,61.0,208.0,0,0.75,7.42,425.0,0.25,0.26,1.14,1.39,19.0,25,0.47,0.11,Electricity from the grid,Solid biofuel,Electricity from the grid,Solid biofuel,Electricity from the grid,-,-,109.0,40,109,40,109,-,-,1.9,0.2,1.9,0.2,1.9,-,-,0.6,1,0.6,1,0.6,-,-,2.5,1.2,2.5,1.2,2.5,-,-
2021,Zemgales,town121,county14,1985,190.8,276.75,2.5,110.7,2,1,1,0,F,183.25,161.99,7.33,1,1,0,0,C,85,27,0,0,0,111,76.99,72.25,47.53,153.0,153.0,0,0.24,2.17,277.0,0.55,0.55,1.4,1.4,19.0,25,0.3,0.3,Wood/wood waste,-,Wood/wood waste,-,-,-,-,15.6,-,15.6,-,-,-,-,1.1,-,1.1,-,-,-,-,0.0,-,0,-,-,-,-,1.1,-,1.1,-,-,-,-
2021,Rīgas,town3,county44,1960,116.71,245.0,2.5,98.23,2,1,0,1,F,297.3,236.9,12.19,1,0,0,0,C,84,29,0,0,31,145,152.9,152.3,64.54,198.0,217.0,0,0.53,5.39,323.0,0.27,0.29,0.96,1.3,20.0,20,0.45,0.38,Wood/wood waste,-,Wood/wood waste,-,-,Electricity from the grid,-,15.6,-,15.6,-,-,109,-,1.1,-,1.1,-,-,1.9,-,0.0,-,0,-,-,0.6,-,1.1,-,1.1,-,-,2.5,-
2021,Zemgales,town2,county2,1987,22.3,60.21,2.7,22.3,1,0,0,0,F,241.0,241.0,17.0,1,1,0,0,C,90,0,0,0,0,90,151.0,151.0,62.66,27.0,165.0,0,0.12,5.52,96.0,0.35,0.37,1.6,1.94,18.5,21.5,0.35,0.32,Solid biofuel,-,-,-,-,-,-,40.0,-,-,-,-,-,-,0.2,-,-,-,-,-,-,1.0,-,-,-,-,-,-,1.2,-,-,-,-,-,-
2021,Rīgas,town122,county3,2007,273.3,644.0,2.8,219.1,2,0,0,0,D,107.82,93.94,21.78,1,1,0,0,C,73,18,0,0,0,91,20.94,16.82,22.29,100.0,100.0,0,1.18,5.11,655.0,0.3,0.31,0.87,0.89,19.0,25,0.38,0.35,Gas,-,Gas,-,-,-,-,56.1,-,56.1,-,-,-,-,1.1,-,1.1,-,-,-,-,0.0,-,0,-,-,-,-,1.1,-,1.1,-,-,-,-
2021,Rīgas,town96,county44,2008,197.7,445.0,2.65,168.3,2,0,0,1,C,117.6,81.0,0.3,1,1,0,1,B,63,21,0,0,15,99,18.0,18.6,22.22,74.0,158.0,0,0.72,4.27,459.0,0.25,0.3,0.7,1.01,20.0,20,0.45,0.41,Electricity from the grid,"Aerothermal, geothermal, hydrothermal and marine energy, hydropower",Electricity from the grid,"Aerothermal, geothermal, hydrothermal and marine energy, hydropower",-,Electricity from the grid,"Aerothermal, geothermal, hydrothermal and marine energy, hydropower",109.0,0,109,0,-,109,0,1.9,0,1.9,0,-,1.9,0,0.6,1,0.6,1,-,0.6,1,2.5,1,2.5,1,-,2.5,1
2021,Zemgales,town2,county2,1947,112.7,259.21,2.3,112.7,2,1,0,0,D,167.0,127.7,32.06,1,0,0,0,C,90,28,0,0,9,127,37.7,40.0,29.52,147.0,153.0,0,2.8,24.84,376.0,0.34,0.28,1.19,1.24,20.0,24,0.41,0.32,Gas,-,Gas,-,-,Electricity from the grid,-,202.0,-,202,-,-,109,-,1.1,-,1.1,-,-,1.9,-,0.0,-,0,-,-,0.6,-,1.1,-,1.1,-,-,2.5,-
2021,Vidzemes,town48,county36,1987,171.9,307.7,2.4,128.2,2,1,0,1,D,149.4,127.9,0.78,1,1,0,0,C,71,22,0,0,0,93,56.6,56.6,44.25,14.0,53.0,0,0.1,0.79,409.0,0.29,0.29,0.98,1.21,20.0,0,0.5,0.41,"Aerothermal, geothermal, hydrothermal and marine energy, hydropower",-,"Aerothermal, geothermal, hydrothermal and marine energy, hydropower",-,-,"Aerothermal, geothermal, hydrothermal and marine energy, hydropower",-,0.0,-,0,-,-,0,-,0.0,-,0,-,-,0,-,1.0,-,1,-,-,1,-,1.0,-,1,-,-,1,-
2021,Rīgas,town12,county12,2004,261.5,502.5,2.5,201.0,2,0,0,0,D,124.6,93.0,22.1,1,1,0,1,B,64,15,0,0,18,96,29.2,28.3,31.4,92.0,102.0,0,3.27,16.25,,,,,,,,,,,,,,,,,,,,,,,,,,,,,,,,,,,,,,,,,,,,
